id,tortured_phrase,expected_phrase,category,field_category,subfield,verification_status,source,total_votes,endorsement_count,rejection_count,consensus_score,ai_review_status,ai_review_confidence,created_at
b5d7fc46-5ff5-4dc4-b8d6-583f3610d57f,0.33-birthday celebration,third party,general,Computer Science,Machine Learning,verified,tortured_csv,0,0,0,0.0,likely_tortured,0.99,2026-01-20T08:12:00.913838+00:00
b6bf6a4d-46f5-409c-b316-9022f6be6f52,16KHz recurrence,16 kHz frequency,general,Computer Science,Computer Vision,verified,pps_obvious_2026_06_18,0,0,0,0.0,likely_tortured,0.0,2026-01-20T08:12:02.881616+00:00
cf1fa5bd-2131-4f77-bc0d-03b97c7c4a77,77-rate exactness,77 percent accuracy,general,Computer Science,Classification,verified,pps_obvious_2026_06_18,0,0,0,0.0,likely_tortured,0.99,2026-01-20T08:12:03.329518+00:00
2e344773-de99-493c-a769-262d35351a67,abnormality identification,anomaly detection,general,Computer Science,Anomaly Detection,verified,pps_obvious_2026_06_18,0,0,0,0.0,likely_not_tortured,0.8,2026-01-20T08:11:58.334592+00:00
e9ef3ff1-8a5a-4847-a935-3108ff0c9cf5,abnormality recognition,anomaly detection,general,Computer Science,Data Processing,verified,pps_obvious_2026_06_18,0,0,0,0.0,likely_not_tortured,0.7,2026-01-20T08:11:58.419514+00:00
25adb2a2-84e4-4ab4-8cab-c3300eccdba0,abnormal sample point,outlier,general,Computer Science,Cloud Computing,verified,pps_obvious_2026_06_18,0,0,0,0.0,likely_tortured,0.0,2026-01-20T08:11:58.838622+00:00
3f807a23-bf44-49cd-bc83-d906cbc7073e,academic substantive information (PCK),Pedagogical content knowledge (PCK),general,Medicine,Ophthalmology,verified,pps_obvious_2026_06_18,0,0,0,0.0,likely_tortured,0.0,2026-01-20T08:12:02.211628+00:00
75c11146-97f5-4859-a1d4-4cb58c709cfa,accomplice choice,relay/partner selection,technical,,,verified,pps_obvious_2026_06_18,,,,,not_reviewed,,2026-06-19T09:14:30.298171+00:00
0b1a6e4d-e8a4-497b-a67b-43c3bcefc0e0,acknowledgement exactness,recognition accuracy,general,Computer Science,Machine Learning,verified,pps_obvious_2026_06_18,1,1,0,1.0,likely_tortured,0.99,2026-01-20T08:12:01.028172+00:00
6ceb080d-7f32-4c60-9af6-776a380f2d2b,acknowledgement execution,recognition performance,general,Mathematics,,verified,pps_obvious_2026_06_18,0,0,0,0.0,likely_tortured,0.0,2026-01-20T08:11:59.955433+00:00
ae3eea2f-fa8b-431c-b893-adf7d282d88d,acknowledgement framework,recognition system,general,Computer Science,Recognition Systems,verified,pps_obvious_2026_06_18,0,0,0,0.0,likely_tortured,0.95,2026-01-20T08:11:59.023927+00:00
9dde2644-96ea-4114-87a5-2ac91da3569f,acknowledgement of characters,character recognition,general,General,,verified,pps_obvious_2026_06_18,0,0,0,0.0,likely_tortured,0.99,2026-01-20T08:12:00.913838+00:00
78af7b88-ee15-424c-bcc1-78725b4714e9,acknowledgement of feeling,emotion recognition,general,Psychology,Emotion Recognition,verified,pps_obvious_2026_06_18,0,0,0,0.0,likely_tortured,0.0,2026-01-20T08:11:58.722191+00:00
dba37250-82bc-429b-930b-9d67b6b0255b,acknowledgement pace,recognition rate,general,General,,verified,pps_obvious_2026_06_18,0,0,0,0.0,likely_tortured,0.99,2026-01-20T08:12:01.516317+00:00
153008fb-53c3-4dc1-bd6e-9187db7d0817,acknowledgment exactness,recognition accuracy,general,Computer Science,Machine Learning,verified,pps_obvious_2026_06_18,0,0,0,0.0,likely_tortured,0.99,2026-01-20T08:11:59.023927+00:00
edf622d1-32c6-4d33-9a67-7c94c6cb0000,acknowledgment execution,recognition performance,general,Computer Science,Performance,verified,pps_obvious_2026_06_18,0,0,0,0.0,likely_tortured,0.0,2026-01-20T08:11:58.898948+00:00
7db76627-a3e9-4677-bc89-6b2c80b12e6e,acknowledgment framework,recognition system,general,General,,verified,pps_obvious_2026_06_18,0,0,0,0.0,likely_tortured,0.99,2026-01-20T08:11:58.477753+00:00
b2409453-dc56-470c-ac53-95d44144a4e3,acknowledgment of feeling,emotion recognition,general,Psychology,Emotion Recognition,verified,pps_obvious_2026_06_18,0,0,0,0.0,likely_tortured,0.0,2026-01-20T08:11:58.722191+00:00
1e70b51d-94b4-47f0-a16c-675288b23005,acknowledgment pace,recognition rate,general,Physics,Polarization,verified,pps_obvious_2026_06_18,0,0,0,0.0,likely_tortured,0.99,2026-01-20T08:11:59.540422+00:00
b5d2a50d-8b89-4051-b316-71ad9a3d3e58,acknowledgment rate,detection rate (DR),general,Computer Science,Statistics,verified,pps_obvious_2026_06_18,0,0,0,0.0,likely_not_tortured,0.7,2026-01-20T08:11:58.538212+00:00
5cc86c9a-c6e9-4132-b5a2-578a864ba99c,actual wonderful fee,true positive rate (TPR),general,Biology,Microbiology,verified,tortured_csv,0,0,0,0.0,likely_tortured,0.99,2026-01-20T08:12:02.097164+00:00
397f4771-e3db-4c0e-8c7e-dbb529a9f4e7,administered AI,supervised artificial intelligence,general,Computer Science,Artificial Intelligence,verified,pps_obvious_2026_06_18,0,0,0,0.0,likely_tortured,0.99,2026-01-20T08:11:58.780182+00:00
3ad4ef4f-393e-493a-8d40-2bbb563f4007,administered artificial intelligence,supervised artificial intelligence,general,Computer Science,Networking,verified,pps_obvious_2026_06_18,0,0,0,0.0,likely_tortured,0.0,2026-01-20T08:11:59.724741+00:00
effeae66-c539-4450-bdac-4824adbfefd4,administered design acknowledgement,supervised pattern recognition,general,Biology,,verified,pps_obvious_2026_06_18,0,0,0,0.0,likely_tortured,0.99,2026-01-20T08:12:03.573677+00:00
46f19516-5dda-430d-92ac-22dba0c14fcb,administered design acknowledgment,supervised pattern recognition,general,Computer Science,Machine Learning,verified,pps_obvious_2026_06_18,0,0,0,0.0,likely_tortured,0.99,2026-01-20T08:12:02.530908+00:00
b643d5b3-7bb2-4e20-abca-dcdc7ff7a2e3,administered learning,supervised learning,general,Computer Science,Artificial Intelligence,verified,pps_obvious_2026_06_18,0,0,0,0.0,likely_tortured,0.0,2026-01-20T08:11:58.538212+00:00
d01e9f86-56e7-4908-a1f0-3d50135a07ca,administered learning calculations,supervised learning algorithms,general,Computer Science,Machine Learning,verified,pps_obvious_2026_06_18,0,0,0,0.0,likely_tortured,0.99,2026-01-20T08:11:59.724741+00:00
68b66bae-98fb-4267-ab7e-154ff124e5d7,administered machine learning,supervised machine learning,general,Economics,Energy,verified,pps_obvious_2026_06_18,0,0,0,0.0,likely_tortured,0.0,2026-01-20T08:11:59.540422+00:00
67a07da4-b0a4-4073-824e-ba125521bf3b,administered ML,supervised machine learning,general,Computer Science,Machine Learning,verified,pps_obvious_2026_06_18,0,0,0,0.0,likely_tortured,0.99,2026-01-20T08:11:58.419514+00:00
5d51754b-0a7c-4b62-8849-5a32e5711e3f,administered picking up calculations,supervised learning algorithms,general,Computer Science,Machine Learning,verified,pps_obvious_2026_06_18,0,0,0,0.0,likely_tortured,0.0,2026-01-20T08:12:03.271909+00:00
6042e016-cbb7-46b2-a695-3f76922e2a6b,administrative pre preparing,supervised pre-training,general,General,,verified,pps_obvious_2026_06_18,0,0,0,0.0,likely_tortured,0.0,2026-01-20T08:12:02.653403+00:00
2e1ffa13-3e9d-4bb4-bf38-4a2268611e74,adsorption limit at the band,Adsorption capacity at equilibrium,general,Physics,,verified,pps_obvious_2026_06_18,0,0,0,0.0,likely_tortured,0.0,2026-01-20T08:12:02.037476+00:00
b93163f2-9206-432f-adec-d38f39f80b29,adverse education system,adversarial training,general,Computer Science,Machine Learning,verified,pps_obvious_2026_06_18,0,0,0,0.0,likely_tortured,1.0,2026-01-20T08:12:01.751819+00:00
59cb4d51-8c4c-4424-a41b-a46589d43453,affirmation exactness,recognition accuracy,general,Computer Science,Programming,verified,pps_obvious_2026_06_18,0,0,0,0.0,likely_tortured,0.0,2026-01-20T08:12:01.451973+00:00
82f3d289-a891-4c6c-a1f4-035fff195269,affront lack,insulin deficiency,general,Computer Science,Machine Learning,verified,tortured_csv,0,0,0,0.0,likely_tortured,0.99,2026-01-20T08:12:02.272374+00:00
30af844a-b1f1-4780-8442-906c2dce1b98,"age, coitus, casket pain","age, sex, chest pain",general,General,,verified,tortured_csv,0,0,0,0.0,likely_tortured,0.99,2026-01-20T08:12:02.153764+00:00
2f69722c-b570-4c22-af4a-6f1fd3712c4e,aggregate swaying recurrence,collective oscillation frequency,general,Economics,,verified,pps_obvious_2026_06_18,0,0,0,0.0,likely_tortured,0.0,2026-01-20T08:12:02.710910+00:00
b0818272-da1b-4f29-bf39-c477d90a99bf,AI calculation,machine learning algorithm,general,General,,verified,pps_obvious_2026_06_18,0,0,0,0.0,likely_not_tortured,0.7,2026-01-20T08:11:58.334592+00:00
dfe214ae-5909-4a89-81bc-b304b6ac1938,aid vector machine,support vector machine (SVM),general,Computer Science,Machine Learning,verified,pps_obvious_2026_06_18,0,0,0,0.0,likely_tortured,1.0,2026-01-20T08:11:58.963885+00:00
492219c5-7d12-4613-b46f-84818e3e36ea,ailment movement,disease progression,general,Medicine,Epidemiology,verified,pps_obvious_2026_06_18,0,0,0,0.0,likely_tortured,0.99,2026-01-20T08:12:00.501885+00:00
c7cf6111-4bee-4d7e-ba5e-2340c93890cb,"ALBMEDTECH cross, check workflow",cross-check workflow,,,,verified,ai_detection,0,0,0,0.0,likely_tortured,0.99,2026-04-22T21:03:04.319924+00:00
33d29eaf-4acd-45ef-93f7-e796c2968060,alpha-linolenic corrosive,alpha-linolenic acid,general,General,,verified,tortured_csv,0,0,0,0.0,likely_tortured,0.99,2026-01-20T08:12:01.085511+00:00
8e085d16-4d36-4a09-bb3e-cb23cd4e44c9,altered calculation for homotopy examination technique,Modified Homotopy Analysis Method (MHAM),general,Mathematics,Topology,verified,pps_obvious_2026_06_18,0,0,0,0.0,likely_tortured,0.0,2026-01-20T08:12:02.710910+00:00
46ae70df-e8ac-450b-a37c-27a7076b3ff4,Amazon net services,Amazon Web Services,general,General,,verified,pps_obvious_2026_06_18,0,0,0,0.0,likely_tortured,0.99,2026-01-20T08:12:00.652036+00:00
733bc3fc-760f-4860-9679-d3aaaeac029b,amended straight unit,rectified linear unit (ReLU),general,General,,verified,pps_obvious_2026_06_18,0,0,0,0.0,likely_tortured,0.0,2026-01-20T08:12:00.579459+00:00
7bc958d5-ca86-4b8f-a6f7-0d11999da293,American Malignancy Society,American Cancer Society,general,General,,verified,pps_obvious_2026_06_18,0,0,0,0.0,likely_tortured,0.99,2026-01-20T08:12:01.451973+00:00
001a8fa4-7a09-4fd9-80fe-fc05f9617ce9,animal power assault,brute-force attack,general,Computer Science,Cybersecurity,verified,pps_obvious_2026_06_18,0,0,0,0.0,likely_tortured,0.99,2026-01-20T08:12:00.716324+00:00
9095ebfc-373f-4bc3-98ae-283fbd9520ba,antagonistic discourse,hate speech,general,General,,verified,pps_obvious_2026_06_18,0,0,0,0.0,likely_not_tortured,0.7,2026-01-20T08:11:58.419514+00:00
ee52cc21-256f-4364-8cab-25a56ffdfd7c,a petabyte of information,a petabyte of data,general,General,,verified,pps_obvious_2026_06_18,0,0,0,0.0,likely_not_tortured,0.9,2026-01-20T08:12:00.857236+00:00
45c024cc-ce8d-4fd1-9eb2-985a35a19344,applying programming connection point,application programming interface (API),general,Computer Science,Software Development,verified,pps_obvious_2026_06_18,0,0,0,0.0,likely_tortured,0.0,2026-01-20T08:12:02.596202+00:00
b7a8c0a3-3b41-447d-8ab3-83de0c25ac7d,Appriori calculation,Apriori algorithm,general,Psychology,Behavioral Science,verified,pps_obvious_2026_06_18,0,0,0,0.0,likely_tortured,0.0,2026-01-20T08:12:02.097164+00:00
80e8973e-7ac3-49e7-80f5-9e9b732bed7f,appropriated renouncing for association,distributed denial-of-service (DDoS),general,Computer Science,Time Series Analysis,verified,tortured_csv,0,0,0,0.0,likely_tortured,0.99,2026-01-20T08:12:02.530908+00:00
a0174d1b-dc86-40ee-93d5-35938b7f0f60,approval information set,validation dataset,general,Computer Science,Data Science,verified,pps_obvious_2026_06_18,0,0,0,0.0,likely_tortured,0.99,2026-01-20T08:12:01.637551+00:00
0cb406a8-fb44-4ad1-a603-869516f2b264,arBﬁcial Intelligence,artificial intelligence,,,,verified,ai_detection,0,0,0,0.0,likely_tortured,0.99,2026-02-21T19:46:55.535659+00:00
47f276e1-2d4f-470e-99c8-9e45470ae1a9,archi-tasteure,architecture,general,Physics,,verified,tortured_csv,0,0,0,0.0,likely_tortured,0.99,2026-01-20T08:12:03.271909+00:00
edf2312b-9d3b-49b6-88bf-5d8ca4fcb11b,area of letters in order acknowledgment,alphabet recognition,general,Computer Science,Pattern Recognition,verified,pps_obvious_2026_06_18,0,0,0,0.0,likely_tortured,0.99,2026-01-20T08:12:03.387766+00:00
d0590101-fb71-4046-8faf-2992a05dc8bc,area-unique information,domain-specific knowledge,general,Computer Science,Data Science,verified,pps_obvious_2026_06_18,0,0,0,0.0,likely_tortured,0.99,2026-01-20T08:12:01.516317+00:00
90556696-9a8c-43eb-92cc-9c6ebf2f5c44,arm desolation,arm pain,general,Medicine,,verified,tortured_csv,0,0,0,0.0,likely_tortured,0.99,2026-01-20T08:12:01.921143+00:00
d396527c-00bf-40b1-851b-fe6e6eea7c7c,arrangement and relapse,classification and regression,general,General,,verified,pps_obvious_2026_06_18,0,0,0,0.0,likely_tortured,0.99,2026-01-20T08:11:59.095666+00:00
9f4f77ce-c743-40bf-b0c8-7340e1a1b30a,arrangement errands,classification tasks,general,Computer Science,Machine Learning,verified,pps_obvious_2026_06_18,0,0,0,0.0,likely_tortured,0.0,2026-01-20T08:12:00.328837+00:00
4801015f-06e5-4442-9a7d-9b299dbf1672,arrangement exactness,classification accuracy,general,General,,verified,pps_obvious_2026_06_18,0,0,0,0.0,likely_tortured,0.0,2026-01-20T08:11:58.963885+00:00
e639ecf7-09bd-4b1f-941f-91d370ebc8cb,arrangement execution,classification performance,general,General,,verified,pps_obvious_2026_06_18,0,0,0,0.0,likely_tortured,0.0,2026-01-20T08:11:58.838622+00:00
75480eb4-4b72-4daa-9cec-79c026207329,arrangement ignition amalgamation,solution combustion synthesis,general,General,,verified,pps_obvious_2026_06_18,0,0,0,0.0,likely_tortured,0.99,2026-01-20T08:12:02.530908+00:00
5e35af67-37fe-40b6-953a-c1279b2e8924,arrangement of constituent bodies,constitutional order,general,General,,verified,pps_obvious_2026_06_18,0,0,0,0.0,likely_tortured,0.99,2026-01-20T08:12:03.387766+00:00
735b5969-52c2-43b0-acc4-0db40f55f5ee,arrangement of successions,sequence alignment,technical,,,verified,pps_obvious_2026_06_18,,,,,not_reviewed,,2026-06-19T09:14:30.298171+00:00
c3f9dcc4-37af-4c0a-bba9-9c097bddd80b,arrangement precision,classification accuracy,general,Mathematics,Accuracy,verified,pps_obvious_2026_06_18,0,0,0,0.0,likely_tortured,0.0,2026-01-20T08:11:58.722191+00:00
af9bad85-90a0-42a0-bd48-48c1cf21a1d3,"arrangement, relapse and grouping","classification, regression and clustering",general,General,,verified,pps_obvious_2026_06_18,0,0,0,0.0,likely_tortured,0.99,2026-01-20T08:12:02.417155+00:00
2e3694d0-8959-4f01-b1dd-52431d5c28e9,artifical intelligence technology,artificial intelligence,,Computer Science,Machine Learning,verified,ai_detection,0,0,0,0.0,likely_tortured,0.99,2026-05-18T06:22:48.005993+00:00
cefa088c-2bd1-40fe-b61a-c67dd7e57dd4,artificial neural system (ANN),artificial neural network (ANN),general,Computer Science,Machine Learning,verified,pps_obvious_2026_06_18,0,0,0,0.0,likely_tortured,0.99,2026-01-20T08:11:59.165415+00:00
dd5ad308-706a-4c2c-956c-2cbfa351580d,as moo as,as low as,general,Medicine,Infectious Disease,verified,tortured_csv,0,0,0,0.0,likely_tortured,0.99,2026-01-20T08:12:01.257942+00:00
1ebc76e1-0060-4fff-8aeb-5d4ecd35b760,as pursues,as follows,general,General,,verified,pps_obvious_2026_06_18,0,0,0,0.0,likely_tortured,0.0,2026-01-20T08:11:58.419514+00:00
5eac9a6d-2fa2-45b5-9759-a27fc144ac05,assault floor,attack surface,general,Computer Science,Speech Processing,verified,pps_obvious_2026_06_18,0,0,0,0.0,likely_tortured,0.0,2026-01-20T08:12:00.802180+00:00
de0e45b3-fa03-44a0-8cdb-374581b6ec0d,assault information,attack data,general,Computer Science,Deep Learning,verified,pps_obvious_2026_06_18,0,0,0,0.0,likely_tortured,0.99,2026-01-20T08:11:58.606699+00:00
e76cba4e-6294-4798-b225-d3716012ed58,assault model,attack model,general,General,,verified,pps_obvious_2026_06_18,0,0,0,0.0,likely_tortured,0.0,2026-01-20T08:11:58.606699+00:00
96d5904d-d11a-4010-bb7b-efa82c6d1310,assault passage focuses,attack entry,general,Computer Science,Cybersecurity,verified,pps_obvious_2026_06_18,0,0,0,0.0,likely_tortured,0.0,2026-01-20T08:12:03.387766+00:00
3f7c1cc0-8406-46e9-a135-d0ebaf9bb1da,assault procedures,tactical operations,general,General,,verified,pps_obvious_2026_06_18,0,0,0,0.0,likely_not_tortured,0.7,2026-01-20T08:11:58.963885+00:00
883643e0-8572-4d11-bed8-c0e850645967,assault vector,attack vector,general,General,Threat Analysis,verified,pps_obvious_2026_06_18,0,0,0,0.0,likely_tortured,0.99,2026-01-20T08:11:58.722191+00:00
960b4f2e-0206-451d-8ce5-67942ff37415,as seeks after,as follows,general,Mathematics,,verified,pps_obvious_2026_06_18,0,0,0,0.0,likely_tortured,0.99,2026-01-20T08:11:59.540422+00:00
026cc126-09c0-40c0-b96c-06cb267346ab,Assessed utility co-event pruning,Estimated Utility Cooccurrence Pruning (EUCP),general,General,,verified,pps_obvious_2026_06_18,0,0,0,0.0,likely_tortured,0.99,2026-01-20T08:12:02.941195+00:00
4315304f-0baa-42b4-8e63-689c60f38d34,assistance vector machine,support vector machine (SVM),general,Computer Science,Machine Learning,verified,pps_obvious_2026_06_18,0,0,0,0.0,likely_tortured,0.0,2026-01-20T08:11:59.309351+00:00
9edec1bc-7155-48ca-a2a0-c44f6c93ec78,assist vector machine,support vector machine (SVM),general,General,,verified,pps_obvious_2026_06_18,0,0,0,0.0,likely_tortured,0.0,2026-01-20T08:11:58.838622+00:00
37406482-cbfe-43d7-a6a8-73dd295fc665,associatealog,associate,general,Mathematics,,verified,tortured_csv,0,0,0,0.0,likely_tortured,0.99,2026-01-20T08:12:03.135413+00:00
3e747f9d-a4d8-4f73-b709-30f595d0ed79,associatealyzing,associate,general,Computer Science,Data Analysis,verified,tortured_csv,0,0,0,0.0,likely_tortured,0.99,2026-01-20T08:12:03.003510+00:00
56c4adca-009e-4e4c-914d-91950c5e6926,Association Of Petrol Trading Nations (OPEC),Organization Of Petroleum Exporting Countries (OPEC),general,Economics,,verified,tortured_csv,0,0,0,0.0,likely_tortured,0.99,2026-01-20T08:12:03.573677+00:00
71a9a667-0bb5-4b61-8b86-9f5e7a94b1bd,assupmtions,assumptions,,,,verified,ai_detection,0,0,0,0.0,likely_tortured,0.99,2026-01-31T06:26:45.791700+00:00
dc71c448-20db-4840-b424-5e9578d2ca56,as takes after,as follows,general,General,,verified,pps_obvious_2026_06_18,0,0,0,0.0,likely_tortured,0.99,2026-01-20T08:11:58.419514+00:00
700c5d1d-ed81-41e7-8e7c-003ce4d2bf11,astute lattice,smart network,general,Computer Science,Networking,verified,pps_obvious_2026_06_18,0,0,0,0.0,likely_tortured,0.99,2026-01-20T08:12:02.097164+00:00
305b24f2-65fb-4209-b37b-f93c504edb5d,atight optimization loop,tight optimization loop,,Computer Science,Artificial Intelligence,verified,ai_detection,0,0,0,0.0,likely_tortured,0.99,2026-05-20T08:56:01.520061+00:00
99e2515c-0496-4941-831e-1f9d9e5f07d1,attend networking function attendance,network function virtualization,,Computer Science,Artificial Intelligence,verified,ai_detection,0,0,0,0.0,likely_tortured,0.99,2026-06-16T15:26:52.077705+00:00
8feb347f-b68d-4273-bc62-1547a8bf78fc,at the off danger,on the off chance,general,Mathematics,,verified,tortured_csv,0,0,0,0.0,likely_tortured,0.99,2026-01-20T08:12:01.200878+00:00
b0dd5a57-1029-4930-af75-1ba2cbbf910e,atypical recurrence scattering,anomalous frequency dispersion,general,Physics,,verified,pps_obvious_2026_06_18,0,0,0,0.0,likely_tortured,0.99,2026-01-20T08:12:02.710910+00:00
e938b12a-dfcf-4bb0-a305-7ab177586105,augmentation in chain rigidity,increase in chain rigidity,general,Engineering,,verified,pps_obvious_2026_06_18,1,1,0,1.0,likely_not_tortured,0.8,2026-01-20T08:12:03.271909+00:00
b31ab97a-75b2-405d-bb79-ae3db6dc1213,Automated Mathematical Control (CNC),Computerized Numerical Control (CNC),general,General,,verified,pps_obvious_2026_06_18,0,0,0,0.0,likely_tortured,0.0,2026-01-20T08:12:03.573677+00:00
1c18248e-e151-4754-8740-51adcefe4dca,autonomous example t-test,independent sample t-test,general,Mathematics,Statistics,verified,pps_obvious_2026_06_18,0,0,0,0.0,likely_tortured,0.0,2026-01-20T08:11:59.023927+00:00
cf983261-fe7c-40dd-bab5-6ae1858657a4,auupdatedmate,automate,general,General,,verified,tortured_csv,0,0,0,0.0,likely_tortured,0.99,2026-01-20T08:12:01.373988+00:00
0c4f80c9-b1aa-40bd-8e6d-df4faca9c2ba,auupdatedmation,automation,general,Computer Science,Automation,verified,tortured_csv,0,0,0,0.0,likely_tortured,1.0,2026-01-20T08:12:01.257942+00:00
e6a8765b-c33c-4e62-8ab1-36ab85d3d345,auup-todatemation,automation,general,Environmental Science,,verified,tortured_csv,0,0,0,0.0,likely_tortured,1.0,2026-01-20T08:12:02.710910+00:00
014d5246-5ac2-4f82-9a4e-b4acdabf5812,average worldly flap,median temporal lobe (MTL),general,General,,verified,tortured_csv,0,0,0,0.0,likely_tortured,0.99,2026-01-20T08:12:02.272374+00:00
ac074f3e-7368-4430-bac2-34805506d5b8,aversive discourse,hate speech,general,General,,verified,pps_obvious_2026_06_18,0,0,0,0.0,likely_tortured,0.0,2026-01-20T08:12:01.200878+00:00
91db6567-0dff-46c5-b37a-b6034bd1af78,aYained performance,attained performance,,,,verified,ai_detection,0,0,0,0.0,likely_tortured,0.99,2026-02-21T19:46:55.535659+00:00
646491f0-6b82-43c6-8992-5d6fd6791f5c,aYractive avenue,attractive avenue,,,,verified,ai_detection,0,0,0,0.0,likely_tortured,0.99,2026-02-21T19:46:55.535659+00:00
8286b4bc-61ca-4aa3-8205-d7dd9103844c,back causing calculation,back propagation algorithm,general,Computer Science,Machine Learning,verified,pps_obvious_2026_06_18,0,0,0,0.0,likely_tortured,0.0,2026-01-20T08:12:03.073626+00:00
63219bd9-beb4-4538-b9c6-8883f33a4f58,back-engendering calculation,back-propagation algorithm,general,Environmental Science,,verified,pps_obvious_2026_06_18,0,0,0,0.0,likely_tortured,0.99,2026-01-20T08:11:59.842122+00:00
16c188b5-7749-4a5d-a8fd-fec7210cad27,backing vector machine,support vector machine (SVM),general,Computer Science,Machine Learning,verified,pps_obvious_2026_06_18,0,0,0,0.0,likely_tortured,0.0,2026-01-20T08:11:58.722191+00:00
8577d574-bfba-48f8-a000-a1170369c8e9,back propagation neural system,back propagation neural network,general,Computer Science,Machine Learning,verified,pps_obvious_2026_06_18,0,0,0,0.0,likely_tortured,0.99,2026-01-20T08:11:59.623196+00:00
efe744fe-ce8b-4fcc-8677-177b96a73091,back-spread calculation,backpropagation algorithm,general,Computer Science,Machine Learning,verified,pps_obvious_2026_06_18,0,0,0,0.0,likely_tortured,0.99,2026-01-20T08:11:59.842122+00:00
65ec8f99-8dd3-4f41-a941-dff0f70fe2ce,back vector machine,support vector machine (SVM),general,Physics,Thermodynamics,verified,pps_obvious_2026_06_18,0,0,0,0.0,likely_tortured,0.0,2026-01-20T08:11:59.023927+00:00
3affbd0b-70bd-43f8-b78f-fb88b35845fc,backwards report recurrence,inverse document frequency,technical,,,verified,pps_obvious_2026_06_18,,,,,not_reviewed,,2026-06-19T09:14:30.298171+00:00
7ef50319-fb8b-4a7f-a753-33c807679c84,bacterial research rationalization calculation,bacterial foraging optimization algorithm (BFOA),general,Biology,Optimization,verified,pps_obvious_2026_06_18,0,0,0,0.0,likely_tortured,0.0,2026-01-20T08:12:02.473603+00:00
4f71e839-7ddc-4b2d-bfa1-29b7acb468a5,balanced straight unit,rectified linear unit (ReLU),general,General,,verified,pps_obvious_2026_06_18,0,0,0,0.0,likely_tortured,0.0,2026-01-20T08:12:03.387766+00:00
821c46a6-9f28-4d84-8ef7-6ec66340bec9,bamboozling information,misleading information,general,Computer Science,Machine Learning,verified,pps_obvious_2026_06_18,0,0,0,0.0,likely_tortured,0.99,2026-01-20T08:12:02.941195+00:00
3f1e9150-3bf9-4185-ab7b-06d2aa4067d9,battery control system (BMS),battery management system (BMS),general,General,,verified,pps_obvious_2026_06_18,0,0,0,0.0,likely_not_tortured,0.9,2026-01-20T08:12:01.200878+00:00
ac73102a-1d3b-4cca-81a2-74e80020c0c8,Bayesian arrangement,Bayesian classification,general,General,,verified,pps_obvious_2026_06_18,0,0,0,0.0,likely_tortured,0.99,2026-01-20T08:12:00.251055+00:00
b76684b6-3546-4b26-9b66-5fceff2d0a96,beast power assault,brute force attack (cryptography),general,Medicine,Smart Services,verified,pps_obvious_2026_06_18,0,0,0,0.0,likely_tortured,0.99,2026-01-20T08:12:00.328837+00:00
3e36ce7f-0210-4c7e-9701-fe3c52bc2599,bespoke point engineering,custom/hand-crafted feature engineering,general,Engineering,Feature Engineering,verified,pps_obvious_2026_06_18,0,0,0,0.0,likely_tortured,0.0,2026-01-20T08:12:03.387766+00:00
82ab1b5b-effe-4ccb-91a3-e8c4eabdff13,Bhattacharyya space calculation,Bhattacharyya distance algorithm,general,Mathematics,Statistics,verified,pps_obvious_2026_06_18,0,0,0,0.0,likely_tortured,1.0,2026-01-20T08:12:03.510000+00:00
62ccfa5b-3191-4c9c-a176-f20574f46967,Big information investigation,Big Data Analytics (BDA),general,Computer Science,Big Data,verified,pps_obvious_2026_06_18,0,0,0,0.0,likely_tortured,0.0,2026-01-20T08:12:00.913838+00:00
4656e29d-d792-4969-9a2e-78dc6e04a7d7,bigtext information internet based life,online data,general,Physics,,verified,pps_obvious_2026_06_18,0,0,0,0.0,likely_tortured,0.99,2026-01-20T08:12:03.271909+00:00
16623a08-1473-421f-a96e-7773e47be834,biological assault,biological attack,general,Medicine,Cardiology,verified,pps_obvious_2026_06_18,0,0,0,0.0,likely_tortured,0.99,2026-01-20T08:11:58.722191+00:00
7a34fd49-2d32-4dc0-891e-80a7b9869aaf,biometric acknowledgement,biometric recognition,general,Biology,,verified,pps_obvious_2026_06_18,0,0,0,0.0,likely_tortured,0.99,2026-01-20T08:11:58.963885+00:00
288ffcf3-fde4-48e3-a3a0-2dbf4041e2b8,biometric acknowledgment,biometric recognition,general,General,,verified,pps_obvious_2026_06_18,0,0,0,0.0,likely_tortured,0.95,2026-01-20T08:11:58.898948+00:00
5c9cd0ba-1a97-42a4-8da4-c7aa8a7b6a7d,birthday assault,birthday attack (a cryptanalysis attack),general,General,,verified,pps_obvious_2026_06_18,0,0,0,0.0,likely_tortured,0.99,2026-01-20T08:12:01.085511+00:00
4b591051-db7c-4145-a0bf-162e9a2cbf83,blockchainderived trust,blockchain-derived trust,,Engineering,,verified,ai_detection,0,0,0,0.0,likely_tortured,0.99,2026-04-25T08:25:59.030427+00:00
87ea5f5c-1d59-48ef-b8b6-99a9b0ac4725,BlockChine Technology,Blockchain technology,,Computer Science,Artificial Intelligence,verified,ai_detection,0,0,0,0.0,likely_tortured,0.99,2026-05-30T22:13:29.932494+00:00
26b55954-ec92-42cc-ae29-08b6b2b14161,blood ailments,blood disease,general,Medicine,Pathology,verified,pps_obvious_2026_06_18,0,0,0,0.0,likely_not_tortured,0.8,2026-01-20T08:11:59.309351+00:00
8be3bbba-a14d-4e3b-9906-88379c6c8938,bogus negative example,false negative example,general,Computer Science,Machine Learning,verified,pps_obvious_2026_06_18,0,0,0,0.0,likely_tortured,0.0,2026-01-20T08:12:02.211628+00:00
85763fcc-862b-47ea-bb48-5e2a208f6907,boisterous information,noisy data,general,Mathematics,,verified,pps_obvious_2026_06_18,0,0,0,0.0,likely_tortured,0.0,2026-01-20T08:11:59.457436+00:00
e5a54b5b-3666-4e9d-ab57-a0bfa9ba7bee,bolster vector machine,support vector machine (SVM),general,General,,verified,pps_obvious_2026_06_18,0,0,0,0.0,likely_tortured,0.0,2026-01-20T08:11:58.662706+00:00
a895f3f4-346c-45be-9864-d0c5d5e9ff89,bone malignant growth,bone cancer,general,Medicine,Oncology,verified,pps_obvious_2026_06_18,0,0,0,0.0,likely_tortured,0.99,2026-01-20T08:12:00.913838+00:00
798a18e7-19bd-4bdf-a171-2ceb0e71fb53,bosom malignancy,breast cancer,general,Medicine,Oncology,verified,pps_obvious_2026_06_18,0,0,0,0.0,likely_tortured,0.99,2026-01-20T08:11:58.898948+00:00
aa7cc7a8-c4a7-4038-9157-c06b997ab7fe,bosom malignant,breast cancer,general,General,,verified,pps_obvious_2026_06_18,0,0,0,0.0,likely_tortured,0.99,2026-01-20T08:11:58.662706+00:00
07e1a22f-b2de-4592-80e1-ca94441268a7,botnet assault,botnet attack,general,Computer Science,Cybersecurity,verified,pps_obvious_2026_06_18,0,0,0,0.0,likely_not_tortured,0.8,2026-01-20T08:11:58.606699+00:00
38d67ff5-f273-4890-affa-704a1136ea90,bottomless neural network,Deep Neural Network,general,Computer Science,Machine Learning,verified,pps_obvious_2026_06_18,0,0,0,0.0,likely_tortured,0.99,2026-01-20T08:12:01.257942+00:00
8bf8095d-dfd5-441a-ae5b-2d24933cd375,Brain Backing Vector Machine,Neural Support Vector Machine (NSVM),general,Computer Science,Vectorization,verified,pps_obvious_2026_06_18,0,0,0,0.0,likely_tortured,0.0,2026-01-20T08:12:03.387766+00:00
3bfd5a68-07b0-40e1-b9da-5f982c68b2be,brain PC point of interaction,brain-computer interface (BCI),general,Computer Science,Human-Computer Interaction,verified,pps_obvious_2026_06_18,0,0,0,0.0,likely_tortured,0.0,2026-01-20T08:12:02.824766+00:00
b2a93289-be1c-4378-9f4c-10dd53026bfb,breast malignancy revelation,breast cancer diagnosis,general,Medicine,Oncology,verified,pps_obvious_2026_06_18,0,0,0,0.0,likely_tortured,0.99,2026-01-20T08:12:02.653403+00:00
3202fc15-b9fe-4c53-b06e-8bde554c0352,brief time frame Fourier,short-time Fourier (transform) (STFT),general,Computer Science,Machine Learning,verified,pps_obvious_2026_06_18,0,0,0,0.0,likely_tortured,0.99,2026-01-20T08:12:01.257942+00:00
f7f864e7-3586-4c24-b7cd-1216c9ab3159,brilliant ball,smart contract,general,Computer Science,Blockchain,verified,tortured_csv,0,0,0,0.0,likely_tortured,0.99,2026-01-20T08:12:02.824766+00:00
b331b5d8-07c0-478e-8f91-df275672fcf3,brilliant lattice,smart network,general,General,,verified,pps_obvious_2026_06_18,0,0,0,0.0,likely_tortured,0.99,2026-01-20T08:11:59.457436+00:00
6fe74385-74ac-459b-9e46-ea5194a71c0a,Brobdingnagian information,big data,general,Computer Science,Big Data,verified,pps_obvious_2026_06_18,0,0,0,0.0,likely_tortured,0.0,2026-01-20T08:12:01.694044+00:00
35d1b168-f005-423f-8194-e4967b1f7567,brought together installment connection point,Unified Payment Interface (UPI),general,Biology,,verified,pps_obvious_2026_06_18,0,0,0,0.0,likely_tortured,0.99,2026-01-20T08:12:01.637551+00:00
80aeaa2a-a109-4efc-b58a-cc70686350fd,brought together worker,centralized server,general,Medicine,,verified,tortured_csv,0,0,0,0.0,likely_tortured,0.99,2026-01-20T08:12:03.271909+00:00
fa4af72a-8e8f-495b-a101-ca9f8f4afa79,bumble speed,error rate,general,Chemistry,Dyes,verified,tortured_csv,0,0,0,0.0,likely_tortured,0.99,2026-01-20T08:12:02.361211+00:00
31b05152-7aa6-48ce-8f76-62fd33df0c6c,bunch based steering,cluster based routing,general,Physics,,verified,pps_obvious_2026_06_18,0,0,0,0.0,likely_tortured,0.0,2026-01-20T08:12:00.802180+00:00
05f9373f-032d-4006-a3a0-32b0c467b568,bunched routinely interspaced short palindromic rehashes,Clustered Regularly Interspaced Short Palindromic Repeats,general,Computer Science,Deep Learning,verified,tortured_csv,0,0,0,0.0,likely_tortured,0.99,2026-01-20T08:12:02.211628+00:00
6464d3fb-de19-4061-8068-5e12837c5dd9,bunch measure,batch size,general,Chemistry,,verified,pps_obvious_2026_06_18,0,0,0,0.0,likely_tortured,0.0,2026-01-20T08:12:00.251055+00:00
244fdab1-f0ed-4c68-b2b0-8ed0f35d5008,bunch scanty portrayal,group sparse representation (GSR),general,Mathematics,,verified,pps_obvious_2026_06_18,0,0,0,0.0,likely_tortured,0.99,2026-01-20T08:12:02.473603+00:00
595eac98-d533-48ad-8f42-9cd0535f5197,bunch size,batch size,general,General,,verified,pps_obvious_2026_06_18,0,0,0,0.0,likely_tortured,0.0,2026-01-20T08:11:58.334592+00:00
9790c4a2-45a5-4129-9446-8728114fa323,butt-centric channel,anal canal,general,Biology,Anatomy,verified,tortured_csv,0,0,0,0.0,likely_tortured,0.99,2026-01-20T08:12:01.865548+00:00
8709a263-f228-49ad-9a9a-03c7520dcdcb,butupdatedn,button,general,General,,verified,tortured_csv,0,0,0,0.0,likely_tortured,0.99,2026-01-20T08:12:02.941195+00:00
faacf8b8-2d25-4760-bb28-96144e2d17d9,Byzantine assault,Byzantine attack,general,General,,verified,pps_obvious_2026_06_18,0,0,0,0.0,likely_not_tortured,0.8,2026-01-20T08:11:59.379143+00:00
0c36216d-4790-4d44-b53e-4c1c4e70f5ba,calculation intricacy,computational complexity,general,Economics,,verified,pps_obvious_2026_06_18,0,0,0,0.0,likely_tortured,0.0,2026-01-20T08:11:59.379143+00:00
6e8403f6-bbf8-4dd5-999e-67330f8e9c6e,canny farming arrangement,intelligent farming system,general,General,,verified,pps_obvious_2026_06_18,0,0,0,0.0,likely_tortured,0.99,2026-01-20T08:12:02.768871+00:00
83e1d5f6-32cd-4785-a5ba-6e46e33298b5,can't stand discourse,hate speech,general,Psychology,,verified,pps_obvious_2026_06_18,0,0,0,0.0,likely_tortured,0.0,2026-01-20T08:12:01.451973+00:00
e3bbb5ad-adfe-4715-ae6b-c0a3d8eb40f7,cardiovascular movement,cardiovascular activity,general,Economics,Value Chain,verified,pps_obvious_2026_06_18,0,0,0,0.0,likely_tortured,0.99,2026-01-20T08:11:58.898948+00:00
63c08fa0-79de-409b-8ccc-7117dfc3d1fa,carotid supply route,carotid artery,general,General,,verified,pps_obvious_2026_06_18,0,0,0,0.0,likely_tortured,0.0,2026-01-20T08:12:00.579459+00:00
61343193-9f99-4647-b1a8-decfe20c36cf,categorical lopy,categorical crossentropy,,Computer Science,Machine Learning,verified,ai_detection,0,0,0,0.0,likely_tortured,0.99,2026-05-17T16:56:40.838673+00:00
364621ab-795f-4a52-99ad-63a9161f04bf,center for illness control and anticipation,Center for Disease Control and Prevention (CDC),general,Mathematics,,verified,pps_obvious_2026_06_18,0,0,0,0.0,likely_tortured,1.0,2026-01-20T08:12:03.073626+00:00
7b9b782e-f992-4b31-80c8-6d544ec8e2c3,certiwiwireless,certification,general,Medicine,,verified,tortured_csv,0,0,0,0.0,likely_tortured,0.99,2026-01-20T08:12:03.387766+00:00
a6c5b9c3-749f-4955-a520-1fa12f65d6c8,characteristic dialect preparing,natural language processing,general,General,,verified,pps_obvious_2026_06_18,0,0,0,0.0,likely_tortured,0.0,2026-01-20T08:12:00.182559+00:00
f51dcab4-e09c-4818-899f-8ffc029bf382,charge card counterfeit trades,credit card fraud,general,General,,verified,pps_obvious_2026_06_18,0,0,0,0.0,likely_tortured,0.0,2026-01-20T08:12:03.271909+00:00
2b1e854d-3ef7-479a-a015-7f401f0035cb,chief component analysis,Principal Component Analysis (PCA),general,General,,verified,pps_obvious_2026_06_18,0,0,0,0.0,likely_tortured,0.0,2026-01-20T08:12:01.516317+00:00
f13a9e2e-c276-4951-91d2-56906da6a685,chief parts,principal components,general,Computer Science,,verified,pps_obvious_2026_06_18,0,0,0,0.0,likely_tortured,0.0,2026-01-20T08:11:58.334592+00:00
e6ac0381-7562-45aa-b88d-174193ee632a,chitosan mixed alginate lattice,chitosan blended alginate matrix (CBAM),general,Chemistry,,verified,pps_obvious_2026_06_18,0,0,0,0.0,likely_not_tortured,0.8,2026-01-20T08:12:02.824766+00:00
0293dbeb-0ab9-425f-8871-24df5e2b92dd,choice backwood,decision tree,general,Computer Science,Machine Learning,verified,pps_obvious_2026_06_18,0,0,0,0.0,likely_tortured,0.99,2026-01-20T08:12:01.316487+00:00
d86fdd0a-ed41-4359-8cb3-68375b726c76,choice boundary,decision boundary,general,Computer Science,Decision Boundary,verified,pps_obvious_2026_06_18,0,0,0,0.0,likely_tortured,0.99,2026-01-20T08:11:58.477753+00:00
7566c760-d2fa-4708-baf4-8b5067ec895b,choice bush,decision tree,general,Mathematics,,verified,pps_obvious_2026_06_18,0,0,0,0.0,likely_tortured,0.99,2026-01-20T08:11:59.023927+00:00
8c4504fe-e676-4959-8ab7-c8f8373bf6be,Choice Coordinated Channel Assessment,Decision-Directed Channel Estimation (DDCE),general,Computer Science,Signal Processing,verified,pps_obvious_2026_06_18,0,0,0,0.0,likely_tortured,0.99,2026-01-20T08:12:02.881616+00:00
d26d1f7a-4ad1-449a-ae6b-e6fede9fb834,choice emotionally supportive,Decision Support Systems,general,Computer Science,Neural Networks,verified,pps_obvious_2026_06_18,0,0,0,0.0,likely_tortured,0.99,2026-01-20T08:11:58.722191+00:00
c73ec8c0-469d-4733-9f29-239fde54d551,choice emotionally supportive network,decision support system,general,Computer Science,Decision Support,verified,pps_obvious_2026_06_18,0,0,0,0.0,likely_tortured,0.0,2026-01-20T08:11:58.722191+00:00
c48c4f82-1f02-4347-a2e5-64d8783226e3,choice help frameworks,Decision Support System,general,Computer Science,Decision Support,verified,pps_obvious_2026_06_18,0,0,0,0.0,likely_tortured,0.0,2026-01-20T08:12:01.200878+00:00
5ffad075-7dac-4b30-9561-881fa10676dd,choice jungle,decision jungle (algorithm),general,General,,verified,pps_obvious_2026_06_18,0,0,0,0.0,likely_tortured,0.0,2026-01-20T08:12:01.516317+00:00
02527861-b759-46a1-be50-2134615b2060,choice limit include extraction,Decision Boundary Feature Extraction (DBFE),general,Computer Science,Machine Learning,verified,pps_obvious_2026_06_18,0,0,0,0.0,likely_tortured,0.0,2026-01-20T08:12:02.881616+00:00
ca3db90a-bd9c-459e-8a1f-a308ccdb1066,choice sensitively empathetic network,decision support system (DSS),general,General,,verified,pps_obvious_2026_06_18,0,0,0,0.0,likely_tortured,0.99,2026-01-20T08:12:02.881616+00:00
78441c76-1a6d-4b45-b096-2f7c6de4e598,choice support system,decision support system,general,Computer Science,Decision Support Systems,verified,pps_obvious_2026_06_18,0,0,0,0.0,likely_not_tortured,0.8,2026-01-20T08:11:59.023927+00:00
7daa486f-7401-47ff-a134-d3fae111f5d3,choice table (DT),Decision Tree (DT),general,Computer Science,Machine Learning,verified,pps_obvious_2026_06_18,0,0,0,0.0,likely_tortured,0.0,2026-01-20T08:12:02.941195+00:00
3876fb87-db47-4484-a841-78f5b71a3909,choice timber,decision tree,general,Computer Science,,verified,pps_obvious_2026_06_18,0,0,0,0.0,likely_tortured,0.0,2026-01-20T08:11:59.165415+00:00
0946d8c7-9362-44b7-88d2-a3af42874021,choice timberland,decision tree,general,Computer Science,Machine Learning,verified,pps_obvious_2026_06_18,0,0,0,0.0,likely_tortured,0.0,2026-01-20T08:12:01.257942+00:00
304b28ea-8260-4c74-ab85-1578b9513702,choice tree,decision tree,general,Computer Science,Machine Learning,verified,pps_obvious_2026_06_18,0,0,0,0.0,likely_tortured,0.99,2026-01-20T08:11:58.419514+00:00
eb2b4806-b0c0-4f7b-b3a4-a8a21cbbfed2,choice wilderness,decision jungle (algorithm),general,Computer Science,Algorithms,verified,pps_obvious_2026_06_18,0,0,0,0.0,likely_tortured,0.99,2026-01-20T08:12:01.694044+00:00
acce012e-692a-445b-97bf-8063e623b7d1,chronicled information,historical data,general,Medicine,Oncology,verified,pps_obvious_2026_06_18,0,0,0,0.0,likely_tortured,0.95,2026-01-20T08:11:58.898948+00:00
739202c7-fb96-413f-8590-e16b94f4532f,circling neural organization,recurrent neural network (RNN),general,General,,verified,pps_obvious_2026_06_18,0,0,0,0.0,likely_tortured,0.99,2026-01-20T08:12:03.329518+00:00
4822365e-c0d9-480b-a633-19e9e20a3bd9,clamor recurrence,noise frequency,general,Computer Science,Machine Learning,verified,pps_obvious_2026_06_18,0,0,0,0.0,likely_tortured,0.99,2026-01-20T08:12:01.694044+00:00
61a7115e-c822-46ff-ae99-abfc9006212a,clinical choice back organization,clinical decision support systems (CDSS),general,General,,verified,pps_obvious_2026_06_18,0,0,0,0.0,likely_tortured,0.0,2026-01-20T08:12:03.201815+00:00
08f15ab5-923f-4ba0-a4b6-c4a8868547a8,clog control,congestion control,general,General,,verified,pps_obvious_2026_06_18,0,0,0,0.0,likely_tortured,0.0,2026-01-20T08:11:59.095666+00:00
33b37224-08ac-4f43-b832-67708f3637da,closeness coefcient,closeness coefficient,,Engineering,Mechanical,verified,ai_detection,0,0,0,0.0,likely_tortured,0.99,2026-05-19T17:54:24.097123+00:00
36243672-ea08-4282-a666-9107d089c0fd,coasting point,Floating point,general,Engineering,,verified,pps_obvious_2026_06_18,0,0,0,0.0,likely_tortured,0.99,2026-01-20T08:11:58.662706+00:00
5274c539-75ce-4445-aaaf-f849e243d5d1,Code arranger Studio (CCS),Code Composer Studio (CCS) [software],general,General,,verified,tortured_csv,0,0,0,0.0,likely_tortured,0.99,2026-01-20T08:12:03.201815+00:00
1796725c-86de-422c-84d4-b45d535747c6,coeliac ailments,coeliac disease,general,Medicine,Gastroenterology,verified,pps_obvious_2026_06_18,0,0,0,0.0,likely_not_tortured,0.7,2026-01-20T08:12:00.857236+00:00
3b5d0041-70ba-43a3-a508-bbddde5ac850,colossal arrangements of information,big data,general,Computer Science,Machine Learning,verified,pps_obvious_2026_06_18,0,0,0,0.0,likely_tortured,0.99,2026-01-20T08:12:02.153764+00:00
1ff70734-2612-4a46-a463-8b77a809d325,colossal information,big data,general,Computer Science,Data Science,verified,pps_obvious_2026_06_18,0,0,0,0.0,likely_tortured,0.0,2026-01-20T08:11:58.722191+00:00
a7bafe6e-a2d1-41ea-9ae7-1b8f7356779e,commented on information,labeled data,general,Computer Science,Data Science,verified,pps_obvious_2026_06_18,0,0,0,0.0,likely_tortured,0.99,2026-01-20T08:11:59.095666+00:00
5cd6a7b9-4552-47dd-b677-189626c48b67,common dialect preparing,natural language processing (NLP),general,General,,verified,pps_obvious_2026_06_18,0,0,0,0.0,likely_tortured,0.0,2026-01-20T08:12:00.055451+00:00
d83ba964-0a0e-44f3-9c62-7ad35852fb2f,common language preparing,natural language processing,general,Biology,,verified,pps_obvious_2026_06_18,0,0,0,0.0,likely_tortured,0.0,2026-01-20T08:12:00.182559+00:00
b6b6afcc-ea94-4335-9ecf-4544107e6e36,complate absance of pus formation,complete absence of pus formation,,Biology,Molecular Biology,verified,ai_detection,0,0,0,0.0,likely_tortured,0.99,2026-06-16T10:44:15.690320+00:00
2ee02051-6aff-4e2c-b1fe-fea8622d38e8,completely associated secret layer,fully-connected hidden layer (neural network),general,General,,verified,pps_obvious_2026_06_18,0,0,0,0.0,likely_tortured,0.99,2026-01-20T08:12:03.271909+00:00
3999dbb7-cc63-415a-88c7-cb4b50d2e2d3,component determination calculation,feature selection algorithm,general,Computer Science,Feature Selection,verified,pps_obvious_2026_06_18,0,0,0,0.0,likely_tortured,0.99,2026-01-20T08:12:00.501885+00:00
6ad2228b-7ead-4606-a655-9e700d430fb3,concealed layer,hidden layer,general,Computer Science,,verified,pps_obvious_2026_06_18,0,0,0,0.0,likely_tortured,0.99,2026-01-20T08:11:58.334592+00:00
9b9d58f3-08ce-4b87-a22b-e9d00a330dae,concealed Markov,Hidden Markov Model (HMM),general,Computer Science,Machine Learning,verified,pps_obvious_2026_06_18,0,0,0,0.0,likely_tortured,0.0,2026-01-20T08:11:59.095666+00:00
222fb753-7f10-4a1c-aee0-cc084283ab52,concealed Markov display,Hidden Markov Model (HMM),general,General,,verified,pps_obvious_2026_06_18,0,0,0,0.0,likely_tortured,0.99,2026-01-20T08:12:02.097164+00:00
c166cdd9-2d1d-4a83-98c1-7799069b5a37,concealed neuron,hidden neuron,general,Computer Science,Neural Networks,verified,pps_obvious_2026_06_18,0,0,0,0.0,likely_tortured,0.99,2026-01-20T08:11:58.780182+00:00
eae4d781-4f62-4dd7-adfd-b08b489b6ce4,concealed node,hidden node,general,Computer Science,Machine Learning,verified,pps_obvious_2026_06_18,0,0,0,0.0,likely_tortured,0.99,2026-01-20T08:11:58.662706+00:00
424387f6-a577-4273-b7a3-da15693d7a99,concealed state,hidden state (in HMM),general,Computer Science,Hidden Markov Models,verified,pps_obvious_2026_06_18,0,0,0,0.0,likely_tortured,0.99,2026-01-20T08:11:58.419514+00:00
a3a260e8-8aad-48cf-900f-ded6f5e393b9,concealed synapse,hidden neuron,general,Biology,Neuroscience,verified,pps_obvious_2026_06_18,0,0,0,0.0,likely_tortured,0.99,2026-01-20T08:12:02.596202+00:00
bdbb10aa-4a54-496e-a814-c6196d2200bf,conditional irregular fields,conditional random fields (CRF),general,General,,verified,pps_obvious_2026_06_18,0,0,0,0.0,likely_tortured,0.99,2026-01-20T08:12:01.751819+00:00
c84ac3af-cba5-493b-b7c6-f3f33feb568b,confront acknowledgement,face recognition,general,Computer Science,Machine Learning,verified,pps_obvious_2026_06_18,0,0,0,0.0,likely_tortured,0.99,2026-01-20T08:12:00.120634+00:00
abcf048e-ac8d-478f-b2c3-0c7bb872805f,confront acknowledgment,face recognition,general,Computer Science,Computer Vision,verified,pps_obvious_2026_06_18,0,0,0,0.0,likely_tortured,0.99,2026-01-20T08:11:59.023927+00:00
ac787769-1027-4fa2-b1bb-81d6505b521a,confrontation network,adversarial network,general,Computer Science,Machine Learning,verified,pps_obvious_2026_06_18,0,0,0,0.0,likely_tortured,0.99,2026-01-20T08:11:58.419514+00:00
b1a6ce00-4499-4224-b460-1e5445151334,confronting acknowledgement,face recognition,general,Medicine,,verified,pps_obvious_2026_06_18,0,0,0,0.0,likely_tortured,0.99,2026-01-20T08:12:01.921143+00:00
99128e2b-f1be-470b-a286-9743d8a20377,confronting acknowledgment,face recognition,general,Medicine,Medical Imaging,verified,pps_obvious_2026_06_18,0,0,0,0.0,likely_tortured,0.0,2026-01-20T08:12:00.913838+00:00
50ce3ae7-3a6e-47fd-8530-6bad7fd20c66,considered time postpone neural system,factored time delay neural network (TDNN-F),general,Computer Science,Neural Networks,verified,pps_obvious_2026_06_18,0,0,0,0.0,likely_tortured,0.0,2026-01-20T08:12:02.596202+00:00
9bd8c9de-c6e2-4aca-9c8b-5c83434dfd89,constitutional neural,convolutional neural (network),general,Computer Science,Neural Networks,verified,tortured_csv,0,0,0,0.0,likely_tortured,0.99,2026-01-20T08:11:59.023927+00:00
e80ff560-346c-4b9d-b14b-56b1d36b88d2,Contamination Estimate using Machine Learning,Diabetes Prediction Using Machine Learning,general,Medicine,,verified,pps_obvious_2026_06_18,0,0,0,0.0,likely_tortured,1.0,2026-01-20T08:12:02.881616+00:00
a75b264c-c056-41c6-af35-3492414105cf,contemptuous discourse,hate speech,general,General,Optimization,verified,pps_obvious_2026_06_18,0,0,0,0.0,likely_not_tortured,0.7,2026-01-20T08:12:00.328837+00:00
6783664a-0ab8-4018-a2d1-0e7f5b4b643a,content into discourse,text to speech,general,Biology,,verified,pps_obvious_2026_06_18,0,0,0,0.0,likely_tortured,0.0,2026-01-20T08:12:00.971704+00:00
e0489a3b-58d1-48bd-9389-e677d8eaced9,continuous neural network,recurrent neural network,general,General,,verified,pps_obvious_2026_06_18,0,0,0,0.0,likely_tortured,0.99,2026-01-20T08:11:58.419514+00:00
1da21961-2567-4c0d-bd88-c0f875edeb0c,contrast-upgrade calculation,contrast enhancement algorithm,general,General,,verified,pps_obvious_2026_06_18,0,0,0,0.0,likely_tortured,0.0,2026-01-20T08:12:02.596202+00:00
f99ed129-b0d8-4604-9918-488b30d4baf6,convective neural network,convolutional neural network (CNN),general,General,,verified,pps_obvious_2026_06_18,0,0,0,0.0,likely_tortured,0.99,2026-01-20T08:11:59.623196+00:00
34729ecd-d74a-4059-8503-fdad64a1b51b,convolutional neural affiliation,convolutional neural network,general,Computer Science,Machine Learning,verified,pps_obvious_2026_06_18,0,0,0,0.0,likely_tortured,1.0,2026-01-20T08:12:01.865548+00:00
bc4ad033-d050-4e99-98e0-0a29885740fe,convolutional neural arrange,convolutional neural network,general,General,,verified,pps_obvious_2026_06_18,0,0,0,0.0,likely_tortured,0.99,2026-01-20T08:11:59.457436+00:00
65406cfd-c0cb-40f1-8172-984b254f2df8,convolutional neural arrangement,convolutional neural network (CNN),general,Computer Science,,verified,pps_obvious_2026_06_18,0,0,0,0.0,likely_tortured,0.0,2026-01-20T08:12:00.913838+00:00
4e499cc6-1117-4ddc-b5ab-22a5a68dcb62,convolutional neural association,convolutional neural network,general,Engineering,Signal Processing,verified,pps_obvious_2026_06_18,0,0,0,0.0,likely_tortured,0.0,2026-01-20T08:12:00.120634+00:00
dc287b6c-e2ea-4b06-8ff4-c400a3e48749,convolutional neural organization,convolutional neural network,general,Computer Science,Machine Learning,verified,pps_obvious_2026_06_18,0,0,0,0.0,likely_tortured,0.99,2026-01-20T08:11:58.606699+00:00
37719030-3566-4969-9bdc-944c73b679e9,convolutional neural structure,convolutional neural network (CNN),general,Computer Science,Machine Learning,verified,pps_obvious_2026_06_18,0,0,0,0.0,likely_tortured,0.99,2026-01-20T08:11:58.963885+00:00
e407c0e6-3cf4-427d-808d-be032776bae0,convolutional neural system,convolutional neural network (CNN),general,Biology,Immunology,verified,pps_obvious_2026_06_18,0,0,0,0.0,likely_tortured,0.0,2026-01-20T08:11:58.477753+00:00
616930aa-1ca3-43a7-99bf-3674404b20dc,convolutional profound,convolutional deep,general,Computer Science,Evaluation Metrics,verified,pps_obvious_2026_06_18,0,0,0,0.0,likely_tortured,0.0,2026-01-20T08:12:01.200878+00:00
f3383533-5f2c-47e9-9d34-018c9cfb9151,convolutionary neural networks,convolutional neural networks,general,Medicine,,verified,tortured_csv,0,0,0,0.0,likely_tortured,0.99,2026-01-20T08:11:58.477753+00:00
e4f8159a-ed63-4722-bde6-dc2af979c100,convolution neural community,convolutional neural network,general,Computer Science,Neural Networks,verified,pps_obvious_2026_06_18,0,0,0,0.0,likely_tortured,0.99,2026-01-20T08:11:59.540422+00:00
4e6cd7d0-8325-4a38-9d17-bc7b5a99aacf,convolution neural system,convolutional neural network (CNN),general,Medicine,,verified,pps_obvious_2026_06_18,0,0,0,0.0,likely_tortured,0.99,2026-01-20T08:11:58.838622+00:00
a248073f-4b09-4752-b14a-8f21589f092a,conwirelessgure,configure,general,Computer Science,,verified,tortured_csv,0,0,0,0.0,likely_tortured,1.0,2026-01-20T08:12:02.097164+00:00
6d911a40-a2d9-4fb0-ab24-d5ef704d8e0c,corBcal bone,cortical bone,,,,verified,ai_detection,0,0,0,0.0,likely_tortured,0.99,2026-02-21T19:46:55.535659+00:00
cfe5b7b4-ef2e-4788-ba5d-81dbaa28cae6,co-resident assault,co-resident attack,general,Mathematics,Transformations,verified,pps_obvious_2026_06_18,0,0,0,0.0,likely_not_tortured,0.8,2026-01-20T08:12:01.373988+00:00
1a384b9a-8003-48e9-a3ee-dd123b83acd2,coronary supply route illness,coronary artery disease,general,Medicine,,verified,pps_obvious_2026_06_18,0,0,0,0.0,likely_tortured,1.0,2026-01-20T08:12:00.716324+00:00
8e3ce5c5-867f-4f65-ad09-b084b28d0aa8,coronary supply route sickness,coronary artery disease,general,General,,verified,pps_obvious_2026_06_18,0,0,0,0.0,likely_tortured,0.0,2026-01-20T08:12:00.857236+00:00
50e79dd3-7d2b-4c76-8301-46742acabb7f,correctabe blockchain,correctable blockchain,,Computer Science,Artificial Intelligence,verified,ai_detection,0,0,0,0.0,likely_tortured,0.99,2026-04-16T13:24:45.966874+00:00
376d96d8-df58-47f9-a329-797a731c0d6d,corrected straight unit,Rectified Linear Unit (ReLU),general,Medicine,,verified,pps_obvious_2026_06_18,0,0,0,0.0,likely_tortured,0.99,2026-01-20T08:12:00.413699+00:00
0ffc4b1a-1353-43cc-86ce-fe349e399c9e,counterfeit alarm,false alarm,general,Mathematics,,verified,pps_obvious_2026_06_18,1,1,0,1.0,likely_tortured,0.95,2026-01-20T08:12:01.516317+00:00
6f98a296-6c72-4741-bba0-bdf565fb6ef0,counterfeit brain organization,artificial neural network,general,General,,verified,pps_obvious_2026_06_18,0,0,0,0.0,likely_tortured,0.99,2026-01-20T08:11:59.245957+00:00
d23ce0db-47d7-4a38-afe0-d61d713f4ed0,counterfeit consciousness,artificial intelligence,general,Computer Science,Artificial Intelligence,verified,pps_obvious_2026_06_18,0,0,0,0.0,likely_tortured,0.99,2026-01-20T08:11:59.165415+00:00
d9f739a9-6752-4ed2-9631-9358054123eb,counterfeit expected field,artificial potential field (APF),general,General,,verified,pps_obvious_2026_06_18,0,0,0,0.0,likely_tortured,0.0,2026-01-20T08:12:03.073626+00:00
bc60dc60-774a-4ac2-8ef6-6d251efc0f42,counterfeit gadget,artificial device,general,Biology,,verified,pps_obvious_2026_06_18,0,0,0,0.0,likely_not_tortured,0.7,2026-01-20T08:12:01.694044+00:00
4c9944de-0e6e-4cb1-9df0-ad8af433a0a9,counterfeit honey bee province,Artificial Bee Colony (ABC),general,General,,verified,pps_obvious_2026_06_18,0,0,0,0.0,likely_tortured,0.0,2026-01-20T08:12:01.257942+00:00
8e69ed82-322e-475f-85fa-4e03df745686,counterfeit honey bee state,Artificial Bee Colony (ABC),general,Computer Science,Cryptography,verified,pps_obvious_2026_06_18,0,0,0,0.0,likely_tortured,0.0,2026-01-20T08:12:00.857236+00:00
3aa32c4f-9d41-44c5-a2e1-7772c20e1222,counterfeit insight,Machine Learning (ML),general,Computer Science,Computer Vision,verified,pps_obvious_2026_06_18,0,0,0,0.0,likely_tortured,0.99,2026-01-20T08:11:58.838622+00:00
aed5b712-9992-49ad-9b1e-c8c81fdc1eb6,counterfeit intelligence,artificial intelligence (AI),general,Mathematics,,verified,pps_obvious_2026_06_18,0,0,0,0.0,likely_tortured,0.99,2026-01-20T08:11:59.955433+00:00
6595cd98-18b6-4733-bab9-b243336c2870,counterfeit knowledge,artificial intelligence,general,General,,verified,pps_obvious_2026_06_18,0,0,0,0.0,likely_tortured,0.0,2026-01-20T08:11:59.724741+00:00
c0db495b-10ea-4e4f-a69e-61a543807a6c,counterfeit neural,artificial neural (network),general,Computer Science,Artificial Intelligence,verified,pps_obvious_2026_06_18,0,0,0,0.0,likely_tortured,0.99,2026-01-20T08:11:58.538212+00:00
6b56e5e7-5cab-4bf1-b4cd-53f042d2b7fd,counterfeit neural organization,artificial neural network (ANN),general,General,,verified,pps_obvious_2026_06_18,0,0,0,0.0,likely_tortured,0.0,2026-01-20T08:11:58.898948+00:00
7d4bba1d-05a2-49f1-9ed6-aa46a8807d53,counterfeit neural system,artificial neural network,general,Computer Science,Neural Networks,verified,pps_obvious_2026_06_18,0,0,0,0.0,likely_tortured,0.99,2026-01-20T08:11:58.780182+00:00
0862e254-58c0-4ccd-a1f6-7cad78210629,counterfeit neural system nonlinear autoregressive moving normal,Backpropagation neural network Nonlinear Autoregressive Moving-average (BPNN-NARMA),general,Computer Science,Machine Learning,verified,pps_obvious_2026_06_18,0,0,0,0.0,likely_tortured,1.0,2026-01-20T08:12:02.596202+00:00
896eb413-840e-4edd-bf43-bb5079d41f3b,counterfeit news,fake news,general,General,,verified,pps_obvious_2026_06_18,0,0,0,0.0,likely_not_tortured,0.8,2026-01-20T08:11:58.477753+00:00
a6e8cf37-cc4a-4652-badb-fc5d2851a8df,couple of sclerosis,multiple sclerosis,general,General,,verified,tortured_csv,0,0,0,0.0,likely_tortured,0.99,2026-01-20T08:12:00.913838+00:00
1475b254-2cf6-4a4e-a2dc-63dd45743226,covariance lattice,covariance matrix,general,Mathematics,,verified,pps_obvious_2026_06_18,0,0,0,0.0,likely_tortured,0.99,2026-01-20T08:11:59.309351+00:00
7ed4518a-b7b9-40b0-8fc3-ec735d006ca3,covered layer,hidden layer,general,Computer Science,Neural Networks,verified,pps_obvious_2026_06_18,0,0,0,0.0,likely_tortured,0.99,2026-01-20T08:11:58.419514+00:00
0da9f883-19c8-4dcf-9366-319c2a63723f,covered up Markov,hidden Markov,general,Biology,,verified,pps_obvious_2026_06_18,0,0,0,0.0,likely_tortured,0.99,2026-01-20T08:12:00.652036+00:00
9abd6489-bd22-4ad9-97e7-991f8b16edb4,covered up Markov model,Hidden Markov Model (HMM),general,Computer Science,Machine Learning,verified,pps_obvious_2026_06_18,0,0,0,0.0,likely_tortured,0.0,2026-01-20T08:12:01.142942+00:00
4e788b31-8b17-40ab-87d7-b23880cc9fe8,covering grounded highlights choice,wrapper-based feature selection,general,Computer Science,Machine Learning,verified,pps_obvious_2026_06_18,0,0,0,0.0,likely_tortured,0.0,2026-01-20T08:12:03.271909+00:00
7c5b5514-a570-4cbe-913a-2bdfb8c84a6d,Cover Locale Convolutional Neural Organize,Mask Region Convolutional Neural Network (Mask R-CNN),general,Computer Science,Computer Vision,verified,pps_obvious_2026_06_18,0,0,0,0.0,likely_tortured,0.99,2026-01-20T08:12:03.329518+00:00
8913ab29-aa28-41b9-8b98-4c06ade3fbea,coveted yield,desired yield,general,Economics,,verified,pps_obvious_2026_06_18,0,0,0,0.0,likely_tortured,0.95,2026-01-20T08:11:59.955433+00:00
4d53a27c-ab6f-4e3f-8610-0e9abe7b3966,creation arranging and control,production planning and control,technical,,,verified,pps_obvious_2026_06_18,,,,,not_reviewed,,2026-06-19T09:14:30.298171+00:00
50649602-e0bf-4983-872a-6cc089b01b9d,CRISPER-associated,CRISPR-associated,general,General,,verified,tortured_csv,0,0,0,0.0,likely_tortured,0.99,2026-01-20T08:11:59.245957+00:00
36b53cb2-4e79-4c96-a0c1-cb908b69e2e0,cross-area opinion arrangement,Cross-Domain Sentiment Classification (CDSC),general,Physics,Optics,verified,pps_obvious_2026_06_18,0,0,0,0.0,likely_tortured,0.0,2026-01-20T08:12:03.201815+00:00
3980e679-a42b-4c24-85f9-785331fca5e8,cross-breed calculation,hybrid algorithm,general,General,,verified,pps_obvious_2026_06_18,0,0,0,0.0,likely_tortured,0.0,2026-01-20T08:12:00.251055+00:00
6414561c-5387-493d-b3c7-44c3e067f210,cross-breed fake bits of data calculation,hybrid artificial intelligence algorithm,general,Computer Science,Artificial Intelligence,verified,pps_obvious_2026_06_18,0,0,0,0.0,likely_tortured,0.99,2026-01-20T08:12:03.271909+00:00
56dd7f1a-8f87-4cdc-b1b8-4f6c43014826,crossing point over union,intersection over union (IoU),general,General,,verified,pps_obvious_2026_06_18,0,0,0,0.0,likely_tortured,0.99,2026-01-20T08:12:01.316487+00:00
710992ef-c166-46d8-8b6e-19bffa2bb347,crossover arbitrary woods with a straight model,Hybrid Random Forest Linear Model (HRFLM),general,Computer Science,Machine Learning,verified,pps_obvious_2026_06_18,0,0,0,0.0,likely_tortured,0.0,2026-01-20T08:12:03.387766+00:00
50536d44-e7f8-490c-a63a-239cc5f52e00,crown epidemic,corona epidemic,general,Physics,Thermodynamics,verified,pps_obvious_2026_06_18,0,0,0,0.0,likely_tortured,0.99,2026-01-20T08:11:58.334592+00:00
266d8bf7-4581-4db7-a965-b60bcc0bb89a,Crown Indictment Administration (CPS),Crown Prosecution Service (CPS),general,Engineering,,verified,pps_obvious_2026_06_18,0,0,0,0.0,likely_tortured,1.0,2026-01-20T08:12:03.445369+00:00
f9404eb1-c2f7-4656-8af7-5b91223eeaef,crude info,raw data,general,General,,verified,pps_obvious_2026_06_18,0,0,0,0.0,likely_tortured,0.95,2026-01-20T08:12:00.251055+00:00
6c8d6d07-808e-4699-bd18-dabf2c6482f9,crude information,raw data,general,Computer Science,,verified,pps_obvious_2026_06_18,0,0,0,0.0,likely_tortured,0.99,2026-01-20T08:11:58.419514+00:00
1eca07d6-9917-47e2-a91f-fd072c38d621,crude (natural) information,raw data,general,General,,verified,pps_obvious_2026_06_18,0,0,0,0.0,likely_tortured,0.99,2026-01-20T08:12:02.361211+00:00
3a0b55e4-d530-4571-99be-12f1f92adef6,crude organization traffic information,raw network traffic data,general,General,,verified,pps_obvious_2026_06_18,0,0,0,0.0,likely_tortured,0.99,2026-01-20T08:12:01.694044+00:00
8885cca2-c5d4-48ff-9174-502e2dde9660,crude picture information,raw image data,general,General,,verified,pps_obvious_2026_06_18,0,0,0,0.0,likely_tortured,0.95,2026-01-20T08:12:00.716324+00:00
11a4f0a0-f574-4520-852b-037edb3a1269,cruel and standard deviation,mean and standard deviation,general,Computer Science,Error Correction,verified,tortured_csv,0,0,0,0.0,likely_tortured,0.99,2026-01-20T08:12:01.085511+00:00
bd132f0e-0de8-40af-8d09-ba1e27c9085f,cruel esteem,mean value,general,Mathematics,,verified,tortured_csv,0,0,0,0.0,likely_tortured,0.99,2026-01-20T08:12:00.913838+00:00
5b7ecbe2-aada-468e-a2f6-9419df0cdfec,cruel square mistake,mean square error,general,Mathematics,Statistics,verified,tortured_csv,0,0,0,0.0,likely_tortured,0.99,2026-01-20T08:12:01.142942+00:00
c9f39b99-167a-4028-a1d7-4f53b5f0396e,cryptic neuron,hidden neuron,general,General,,verified,pps_obvious_2026_06_18,0,0,0,0.0,likely_tortured,0.0,2026-01-20T08:12:00.913838+00:00
a0647526-3dc7-435b-80ca-b96086478bad,cyber assault,cyber attack,general,Computer Science,Cybersecurity,verified,pps_obvious_2026_06_18,0,0,0,0.0,likely_not_tortured,0.8,2026-01-20T08:11:58.334592+00:00
6b24b6eb-5de7-4bdd-8310-774fe012d49b,cyber rush,cyber attack,general,General,,verified,pps_obvious_2026_06_18,0,0,0,0.0,likely_tortured,0.99,2026-01-20T08:12:01.694044+00:00
caadfcc2-88f4-4ad5-b454-9374bfb7c337,cyclic neural network,recurrent neural network,general,Computer Science,Acoustics,verified,pps_obvious_2026_06_18,0,0,0,0.0,likely_tortured,0.0,2026-01-20T08:11:58.334592+00:00
a0a7a83c-8775-4618-917a-b41da8e9b0e7,dark level co-event lattice,gray-level co-ocurrence matrix,general,General,,verified,pps_obvious_2026_06_18,0,0,0,0.0,likely_tortured,0.0,2026-01-20T08:12:01.200878+00:00
6e7df08f-d44c-44a0-91d2-a9c43bb32deb,DDoS ambushes,DDoS attacks,general,Physics,Fluid Dynamics,verified,pps_obvious_2026_06_18,0,0,0,0.0,likely_tortured,0.0,2026-01-20T08:12:00.971704+00:00
b0d73708-7be6-4698-8030-6755bd8e68da,DDoS assault,Distributed denial-of-service (DDoS) attack,general,Computer Science,,verified,pps_obvious_2026_06_18,0,0,0,0.0,likely_not_tortured,0.8,2026-01-20T08:11:58.334592+00:00
12369cc6-b738-41ae-9266-161e7894b353,DDoS raid,DDoS attack,general,Computer Science,Feature Engineering,verified,pps_obvious_2026_06_18,0,0,0,0.0,likely_tortured,0.0,2026-01-20T08:12:01.373988+00:00
5e03c55d-14e8-452f-8bb6-2d6974a4c2bc,deep gaining knowledge,deep learning,general,General,,verified,pps_obvious_2026_06_18,0,0,0,0.0,likely_tortured,0.99,2026-01-20T08:11:58.477753+00:00
03a0a322-53df-4bd3-9569-1cb020975bdb,deep getting to know,deep learning,general,Computer Science,Machine Learning,verified,pps_obvious_2026_06_18,0,0,0,0.0,likely_tortured,0.0,2026-01-20T08:11:58.477753+00:00
1dbfd27a-e1d5-430e-8993-d215d639e62f,deep getting to know set of rules,deep learning algorithm,general,Computer Science,Machine Learning,verified,pps_obvious_2026_06_18,0,0,0,0.0,likely_tortured,0.0,2026-01-20T08:12:00.971704+00:00
abc14d68-458b-4f6b-b9d9-2377051a8926,deep intellectualization,deep learning,general,Computer Science,Machine Learning,verified,pps_obvious_2026_06_18,0,0,0,0.0,likely_tortured,0.99,2026-01-20T08:12:01.142942+00:00
d9e48b2f-2861-4a8b-a77f-8b8d9e3420d7,deep mastering,deep learning (DL),general,Computer Science,Machine Learning,verified,pps_obvious_2026_06_18,0,0,0,0.0,likely_tortured,0.99,2026-01-20T08:11:58.477753+00:00
55586228-5e21-4c77-a27b-403689aeba76,deep mastering technique,deep learning algorithm,general,Computer Science,Machine Learning,verified,pps_obvious_2026_06_18,0,0,0,0.0,likely_tortured,0.99,2026-01-20T08:11:59.095666+00:00
e7c26db2-362e-4c09-aab3-3544e5eb7f55,deep nervous tissue,deep neural network,general,Computer Science,Machine Learning,verified,pps_obvious_2026_06_18,0,0,0,0.0,likely_tortured,0.99,2026-01-20T08:12:01.085511+00:00
8fa2966d-67f0-4d30-8f05-a27739d5d612,deep Q-Networks Q-Networks,Deep Q-Networks,,Computer Science,Artificial Intelligence,verified,ai_detection,0,0,0,0.0,likely_tortured,0.99,2026-05-15T07:48:43.588313+00:00
94921e9a-9163-4beb-827a-5abbf5afd52b,deep queue learning,deep Q-learning,general,Computer Science,Reinforcement Learning,verified,tortured_csv,0,0,0,0.0,likely_tortured,0.99,2026-01-20T08:12:00.716324+00:00
7398e97c-a15a-46e6-9e1e-ef46f2e6b5c7,deep studying,deep learning (DL),general,General,,verified,pps_obvious_2026_06_18,0,0,0,0.0,likely_tortured,0.0,2026-01-20T08:11:58.419514+00:00
1d59fe85-1ce7-4485-83c3-b0fdd668ea82,deep studying models,deep learning models,general,Computer Science,Machine Learning,verified,pps_obvious_2026_06_18,0,0,0,0.0,likely_tortured,0.99,2026-01-20T08:11:58.963885+00:00
30b9fe4a-6923-4bf8-998a-cdb910d83339,deep switch mastering,deep transfer learning,general,Computer Science,Machine Learning,verified,pps_obvious_2026_06_18,0,0,0,0.0,likely_tortured,0.99,2026-01-20T08:12:01.808668+00:00
a1c9116e-486c-48f9-b9dd-5a27889e106f,deep transfer mastering,deep transfer learning,general,Computer Science,Machine Learning,verified,pps_obvious_2026_06_18,0,0,0,0.0,likely_tortured,0.0,2026-01-20T08:12:02.153764+00:00
0c5fffbe-7193-4bf6-aa90-688a37a345ad,delicate information,sensitive information,general,Computer Science,Data Management,verified,pps_obvious_2026_06_18,0,0,0,0.0,likely_tortured,0.99,2026-01-20T08:11:58.606699+00:00
37fc9f8d-9d85-4b3f-8e91-5a968b951cce,Denial of Service assault,Denial of Service (DoS) attack,general,Computer Science,Cybersecurity,verified,pps_obvious_2026_06_18,0,0,0,0.0,likely_tortured,0.0,2026-01-20T08:11:58.477753+00:00
6aaf1e4d-a5c6-4964-8533-0f515133df08,derisive discourse,hate speech,general,Psychology,,verified,pps_obvious_2026_06_18,0,0,0,0.0,likely_not_tortured,0.7,2026-01-20T08:12:00.182559+00:00
b966e4b2-d515-42ee-aa04-2e7cc27be9e9,designs preparing unit,graphics processing unit (GPU),general,Economics,,verified,pps_obvious_2026_06_18,0,0,0,0.0,likely_tortured,0.0,2026-01-20T08:12:01.028172+00:00
158fd248-7fb4-4418-83bb-d89c662a7785,despise discourse,hate speech,general,Psychology,,verified,pps_obvious_2026_06_18,0,0,0,0.0,likely_tortured,0.0,2026-01-20T08:12:00.857236+00:00
d87b59bc-1cff-4754-856d-b8b6e8e10102,detour band recurrence,detour band frequency,general,Mathematics,Signal Processing,verified,pps_obvious_2026_06_18,0,0,0,0.0,likely_tortured,0.99,2026-01-20T08:12:03.329518+00:00
e8b3c107-ca0c-4580-b723-a5a4283cd9c7,device mastering,machine learning,general,Computer Science,Internet of Things,verified,pps_obvious_2026_06_18,0,0,0,0.0,likely_tortured,0.0,2026-01-20T08:11:58.538212+00:00
91ed6d26-9231-4812-acb0-78ffcefd33cd,devotion of information,data fidelity,general,General,,verified,pps_obvious_2026_06_18,0,0,0,0.0,likely_tortured,0.99,2026-01-20T08:12:02.211628+00:00
f16d2c3f-82a0-478e-9c58-9a4218ce7aed,Diabetes Control and intricacies trail,Diabetes Control and Complications Trial,general,General,,verified,pps_obvious_2026_06_18,0,0,0,0.0,likely_tortured,1.0,2026-01-20T08:12:03.329518+00:00
c68f3623-2140-4bdf-8037-c35f07d559bd,different info numerous yield,multiple input multiple output,general,Computer Science,Signal Processing,verified,pps_obvious_2026_06_18,0,0,0,0.0,likely_tortured,0.99,2026-01-20T08:12:01.373988+00:00
cd345eb1-a2b1-4ef9-a419-8c5125e7cdcc,different information numerous result,multiple input multiple output (MIMO),general,Mathematics,,verified,pps_obvious_2026_06_18,0,0,0,0.0,likely_tortured,0.0,2026-01-20T08:12:01.978925+00:00
be595fdf-d36a-4a24-a0f0-81b8cf05d08e,digital assault,cyber attack,general,Computer Science,Cybersecurity,verified,pps_obvious_2026_06_18,0,0,0,0.0,likely_tortured,0.95,2026-01-20T08:11:58.538212+00:00
04480a6a-274d-43f5-bf79-acd4a67fdaa5,diminishe the severity,diminish the severity,,,,verified,ai_detection,0,0,0,0.0,likely_tortured,0.99,2026-02-16T07:28:40.839182+00:00
dd95e27a-6c40-46db-a627-33d8e3d8dc5c,dim level co-event lattice,gray-level co-ocurrence matrix,general,Computer Science,Image Processing,verified,pps_obvious_2026_06_18,0,0,0,0.0,likely_tortured,0.0,2026-01-20T08:12:01.316487+00:00
b0bf134b-8647-4e64-a2d3-93402d246d15,dim neural organization,grey neural network,general,Computer Science,Neural Networks,verified,pps_obvious_2026_06_18,0,0,0,0.0,likely_tortured,0.99,2026-01-20T08:12:02.824766+00:00
5bdecac5-77d1-42f4-a20e-1bcc08591dd1,directed learning calculation,supervised learning algorithm,general,Mathematics,Fourier Analysis,verified,pps_obvious_2026_06_18,0,0,0,0.0,likely_tortured,0.99,2026-01-20T08:11:59.309351+00:00
48519ddd-44d5-4bbc-851e-02dc6bc6d70c,directly dispersed recurrence groups,linearly-spaced frequency bands,general,Computer Science,Blockchain,verified,pps_obvious_2026_06_18,0,0,0,0.0,likely_tortured,0.99,2026-01-20T08:12:02.653403+00:00
560cbdb4-6545-4531-bcb9-3bb78cbc3e8e,disappearing and detonating inclination,vanishing and exploding gradient,general,Physics,,verified,pps_obvious_2026_06_18,0,0,0,0.0,likely_tortured,0.99,2026-01-20T08:12:01.921143+00:00
ee72c7be-99c2-49aa-9018-e94a88e04efa,disappearing angle issue,vanishing gradient problem,general,Computer Science,Machine Learning,verified,pps_obvious_2026_06_18,0,0,0,0.0,likely_tortured,0.0,2026-01-20T08:12:00.716324+00:00
378e1289-70ef-4413-9436-7da0eb0ba023,disappearing gradient issue,vanishing gradient problem,general,Computer Science,Machine Learning,verified,pps_obvious_2026_06_18,0,0,0,0.0,likely_not_tortured,0.8,2026-01-20T08:11:58.838622+00:00
e40d0d61-2096-4b49-aaf4-c093c8ae0d15,disappearing inclination issue,vanishing gradient problem,general,Computer Science,Machine Learning,verified,pps_obvious_2026_06_18,0,0,0,0.0,likely_tortured,0.0,2026-01-20T08:12:01.142942+00:00
dbe8ed21-fa5b-4a2e-b309-168e8860fdad,disappearing slope issue,vanishing gradient problem,general,Medicine,,verified,pps_obvious_2026_06_18,0,0,0,0.0,likely_tortured,0.0,2026-01-20T08:12:00.652036+00:00
4aff48d7-02c8-4c67-830b-84b89dae2dcf,disarray lattice,confusion matrix,general,Medicine,,verified,pps_obvious_2026_06_18,0,0,0,0.0,likely_tortured,0.99,2026-01-20T08:11:59.095666+00:00
1b062811-2065-42f7-9e2b-9ab151a984ea,disavowal of association snare,denial-of-service (DoS) attack,general,Computer Science,Cybersecurity,verified,tortured_csv,0,0,0,0.0,likely_tortured,0.99,2026-01-20T08:12:02.768871+00:00
2c147ae4-11a1-402f-8d89-cf09b0caf27f,discourse acknowledgement,voice recognition,general,Computer Science,Voice Recognition,verified,pps_obvious_2026_06_18,0,0,0,0.0,likely_tortured,0.99,2026-01-20T08:11:58.477753+00:00
aceec1b6-5101-4a95-be37-a778753bb3ca,discourse acknowledgment,voice recognition,general,Computer Science,Speech Recognition,verified,pps_obvious_2026_06_18,0,0,0,0.0,likely_tortured,0.99,2026-01-20T08:11:58.477753+00:00
7f90ce94-b48a-4c70-b4ac-69bfa150abc7,discourse amalgamation,speech synthesis,general,Computer Science,Natural Language Processing,verified,pps_obvious_2026_06_18,0,0,0,0.0,likely_tortured,0.99,2026-01-20T08:12:00.857236+00:00
4363023d-f33b-46b7-9cb2-f09ef51b8ac2,discourse and tune,speech and music,general,General,,verified,pps_obvious_2026_06_18,0,0,0,0.0,likely_tortured,0.99,2026-01-20T08:12:03.201815+00:00
99979f14-aeb6-4d3b-8518-d9135d4814f7,discourse blend,speech synthesis,general,Computer Science,Speech Synthesis,verified,pps_obvious_2026_06_18,0,0,0,0.0,likely_tortured,0.0,2026-01-20T08:11:58.898948+00:00
d2af8f98-cc1a-41f4-a8ef-33eb83eed805,discourse bunching,speech clustering,general,Medicine,Pharmacology,verified,pps_obvious_2026_06_18,0,0,0,0.0,likely_tortured,0.0,2026-01-20T08:12:02.097164+00:00
c3bdb3d2-b2d9-4fab-97f8-51cee6366a31,discourse coder,speech coder,general,Computer Science,Signal Processing,verified,pps_obvious_2026_06_18,0,0,0,0.0,likely_tortured,0.99,2026-01-20T08:12:00.802180+00:00
f7db2e04-e1ed-4c55-8340-76727c8e9b08,discourse combination,speech synthesis,general,Computer Science,Networking,verified,pps_obvious_2026_06_18,0,0,0,0.0,likely_tortured,0.0,2026-01-20T08:11:59.245957+00:00
c552b1d2-4da8-4028-8355-dd2a6aae6fbe,discourse data,speech data,general,Computer Science,Data Processing,verified,pps_obvious_2026_06_18,0,0,0,0.0,likely_not_tortured,0.8,2026-01-20T08:11:58.334592+00:00
faa738b0-34c9-4d61-bf48-b2da8324643b,discourse detachment,speech separation,general,Computer Science,RFID Technology,verified,pps_obvious_2026_06_18,0,0,0,0.0,likely_tortured,0.99,2026-01-20T08:11:59.842122+00:00
d3c79dc5-0cdf-4a18-82ed-65509d059ad1,Discourse Emotional Recognition,speech emotion recognition,general,General,,verified,pps_obvious_2026_06_18,0,0,0,0.0,likely_tortured,0.0,2026-01-20T08:12:01.808668+00:00
5b4f13ef-02cb-4aae-8a6e-7e18f3688b4f,discourse emotion location,speech emotion detection,general,Computer Science,Emotion Recognition,verified,pps_obvious_2026_06_18,0,0,0,0.0,likely_tortured,0.0,2026-01-20T08:12:02.824766+00:00
a0300dd6-76ee-44c9-8560-ce41d645e8d9,discourse feeling acknowledgement,speech emotion recognition,general,Psychology,,verified,pps_obvious_2026_06_18,0,0,0,0.0,likely_tortured,0.99,2026-01-20T08:12:01.978925+00:00
fb15b2aa-1957-4a95-8ac7-6496d7235bb7,discourse feeling acknowledgment,speech emotion recognition,general,Computer Science,Neural Networks,verified,pps_obvious_2026_06_18,0,0,0,0.0,likely_tortured,0.0,2026-01-20T08:12:00.120634+00:00
2a5c40c5-7c26-4086-9894-90398d74b0ee,discourse feeling order,speech emotion classification,general,Physics,,verified,pps_obvious_2026_06_18,0,0,0,0.0,likely_tortured,0.99,2026-01-20T08:12:03.329518+00:00
06801c4c-d0d8-4ec8-8c6e-9e4a50a74d93,discourse flag,speech signal,general,Computer Science,Neural Networks,verified,pps_obvious_2026_06_18,0,0,0,0.0,likely_tortured,0.99,2026-01-20T08:11:59.623196+00:00
98ce9765-266b-4818-95a6-ddb4aa73680c,discourse gathering edge,speech recognition threshold,general,Medicine,Pulmonology,verified,pps_obvious_2026_06_18,0,0,0,0.0,likely_tortured,0.99,2026-01-20T08:12:03.003510+00:00
7f0b983f-13d9-44ec-a6e7-b03ae3205ce2,discourse handling,speech processing,general,Computer Science,Natural Language Processing,verified,pps_obvious_2026_06_18,0,0,0,0.0,likely_tortured,0.0,2026-01-20T08:11:59.245957+00:00
20c020bf-f47b-44d6-b867-bebc4916c30a,discourse highlights,acoustic features,general,Computer Science,Machine Learning,verified,pps_obvious_2026_06_18,0,0,0,0.0,likely_tortured,0.99,2026-01-20T08:11:58.334592+00:00
3689ebae-0aec-4d52-9b09-9b6ecd365b05,discourse impedance,speech impediment,general,Psychology,,verified,pps_obvious_2026_06_18,0,0,0,0.0,likely_tortured,0.99,2026-01-20T08:12:01.200878+00:00
038a95b7-c552-4ff6-9599-68e89560e591,discourse include extraction,speech feature extraction,general,Computer Science,Speech Processing,verified,pps_obvious_2026_06_18,0,0,0,0.0,likely_tortured,0.0,2026-01-20T08:12:03.387766+00:00
5212294b-7126-409a-90b6-6dc413118637,discourse into content,speech to text,general,Biology,,verified,pps_obvious_2026_06_18,0,0,0,0.0,likely_tortured,0.0,2026-01-20T08:12:01.316487+00:00
768f8e09-5406-46fd-8642-1e31582a7a53,discourse investigation,speech analysis,general,Psychology,Speech Analysis,verified,pps_obvious_2026_06_18,0,0,0,0.0,likely_not_tortured,0.7,2026-01-20T08:11:58.780182+00:00
497e3c78-2c0a-4392-a4b0-c1b80d1ae5ef,discourse knowledge,speech data,general,General,,verified,pps_obvious_2026_06_18,0,0,0,0.0,likely_tortured,0.99,2026-01-20T08:11:58.334592+00:00
26c9a04b-7bfc-4e58-865d-b58f1a9b4198,discourse mocking recognition,voice spoofing detection,general,Economics,,verified,pps_obvious_2026_06_18,0,0,0,0.0,likely_tortured,0.99,2026-01-20T08:12:03.135413+00:00
834376df-f048-4f03-b1d8-7f99676e7335,discourse molded clamor,speech shaped noise,general,Engineering,Noise,verified,pps_obvious_2026_06_18,0,0,0,0.0,likely_tortured,0.99,2026-01-20T08:12:02.473603+00:00
2a254ef4-79f2-4e68-8ede-c6d735611f28,discourse preparing,speech processing,general,Computer Science,,verified,pps_obvious_2026_06_18,0,0,0,0.0,likely_tortured,0.99,2026-01-20T08:11:59.245957+00:00
24427b1a-0b8b-43ad-a388-4aa853a1115a,discourse recognition,speech recognition,general,General,,verified,pps_obvious_2026_06_18,0,0,0,0.0,likely_tortured,0.99,2026-01-20T08:11:58.662706+00:00
32f303a9-bda9-4a36-a34b-ec61b05f55b9,discourse recognizer,speech recognizer,general,Physics,,verified,pps_obvious_2026_06_18,0,0,0,0.0,likely_tortured,0.99,2026-01-20T08:12:01.200878+00:00
eac24d36-6fd5-4cd6-86ba-2568d4174219,discourse record,speech transcription,general,Computer Science,Cybersecurity,verified,pps_obvious_2026_06_18,0,0,0,0.0,likely_tortured,0.0,2026-01-20T08:11:58.606699+00:00
aaa25ad2-1ad8-43c5-b63c-43d3be11df17,discourse samples,speech samples,general,Environmental Science,,verified,pps_obvious_2026_06_18,0,0,0,0.0,needs_human_review,0.0,2026-01-20T08:11:58.419514+00:00
e96354a1-cfac-4826-874c-65f8050a2af5,discourse sensation recognition,speech emotion recognition,general,Computer Science,Natural Language Processing,verified,pps_obvious_2026_06_18,0,0,0,0.0,likely_tortured,0.99,2026-01-20T08:12:03.329518+00:00
5b4dc5f9-e518-4283-b922-585a9f6c8388,discourse sentiment recognition,speech emotion recognition,general,Computer Science,Natural Language Processing,verified,pps_obvious_2026_06_18,0,0,0,0.0,likely_tortured,0.99,2026-01-20T08:12:03.329518+00:00
898d8921-b9b8-4354-a86c-891e0440202b,discourse signal,speech signal,general,Computer Science,Data Storage,verified,pps_obvious_2026_06_18,0,0,0,0.0,likely_tortured,0.0,2026-01-20T08:11:58.477753+00:00
d68bb578-94fc-4d43-987b-bfaa2d51e269,discourse signs,speech signal,general,Computer Science,Signal Processing,verified,pps_obvious_2026_06_18,0,0,0,0.0,likely_tortured,0.99,2026-01-20T08:11:58.538212+00:00
c05e1b4e-56d0-4542-b9cb-80c729b21084,discourse synthesizer,speech synthesizer,general,Chemistry,,verified,pps_obvious_2026_06_18,0,0,0,0.0,likely_tortured,0.0,2026-01-20T08:12:00.501885+00:00
836039da-b636-4192-9fc0-5251bc3c6848,discourse tests,speech samples,general,Computer Science,,verified,pps_obvious_2026_06_18,0,0,0,0.0,likely_tortured,0.99,2026-01-20T08:11:58.722191+00:00
9ddac397-5999-4d9a-9e4c-1d8874cda558,discourse to-content,speech-to-text,general,Computer Science,Machine Learning,verified,pps_obvious_2026_06_18,0,0,0,0.0,likely_tortured,0.0,2026-01-20T08:12:00.182559+00:00
b9a14e4b-664f-4764-8646-f0c76545a036,discourse to content acknowledgement,speech recognition,general,Computer Science,Natural Language Processing,verified,pps_obvious_2026_06_18,0,0,0,0.0,likely_tortured,0.0,2026-01-20T08:12:03.445369+00:00
5ddff260-af18-4cb4-86f9-5fe1cf90180d,discourse to content acknowledgment,speech recognition,general,Computer Science,Machine Learning,verified,pps_obvious_2026_06_18,0,0,0,0.0,likely_tortured,0.0,2026-01-20T08:12:02.417155+00:00
6fb7c737-c896-42ba-87e5-10cde585373d,discourse union,speech synthesis,general,Computer Science,,verified,pps_obvious_2026_06_18,0,0,0,0.0,likely_tortured,0.0,2026-01-20T08:11:59.457436+00:00
67d8a8b9-298d-4308-81e7-30264e5f6602,discourse upgrade,speech enhancement,general,Computer Science,Voice Recognition,verified,pps_obvious_2026_06_18,0,0,0,0.0,likely_tortured,0.0,2026-01-20T08:12:00.652036+00:00
ea22154d-a572-4424-a759-fede5ca5cfb0,discovery and acknowledgement of objects,detection and recognition of objects,general,Economics,,verified,pps_obvious_2026_06_18,0,0,0,0.0,likely_tortured,0.99,2026-01-20T08:12:03.445369+00:00
a4325830-5696-4fd0-a3fc-fee21153e80a,discovery and acknowledgment of objects,detection and recognition of objects,general,General,,verified,pps_obvious_2026_06_18,0,0,0,0.0,likely_tortured,0.99,2026-01-20T08:12:02.768871+00:00
79f96025-c4b6-4d99-b529-e8a2d700dd0e,discovery calculation,detection algorithm,general,Computer Science,Algorithms,verified,pps_obvious_2026_06_18,0,0,0,0.0,likely_tortured,0.0,2026-01-20T08:11:58.662706+00:00
869bd97f-47a4-455d-8e43-16c29f97a630,discrete Fourier change,Discrete Fourier Transform,general,Mathematics,Statistics,verified,pps_obvious_2026_06_18,0,0,0,0.0,likely_tortured,0.0,2026-01-20T08:11:59.309351+00:00
588cec66-960d-4a7a-97bf-8d50be8110ea,discrete fourier remodel,discrete Fourier transform (DFT),general,Computer Science,Information Retrieval,verified,pps_obvious_2026_06_18,0,0,0,0.0,likely_tortured,0.0,2026-01-20T08:12:01.373988+00:00
33511c39-2685-4105-a0ef-3ee08b96ea15,disdain discourse,hate speech,general,General,,verified,pps_obvious_2026_06_18,0,0,0,0.0,likely_tortured,0.99,2026-01-20T08:12:00.120634+00:00
21bddc8b-9d44-4998-b47e-5eac00a55dd2,disorganized clinical information,unstructured clinical data,general,Engineering,Display Technology,verified,pps_obvious_2026_06_18,0,0,0,0.0,likely_tortured,0.0,2026-01-20T08:12:02.272374+00:00
d6b42fee-043d-48da-8db6-7bc306ac28bd,dispersion lattice,confusion matrix,general,Computer Science,Machine Learning,verified,pps_obvious_2026_06_18,0,0,0,0.0,likely_tortured,1.0,2026-01-20T08:11:58.662706+00:00
234159e7-a7d4-497d-ac6a-dc7741e6e4f9,distinctive tongue arrangement,natural language processing,general,General,,verified,pps_obvious_2026_06_18,0,0,0,0.0,likely_tortured,0.0,2026-01-20T08:12:02.941195+00:00
40a5514f-8dda-40f6-8e3e-9695e3fa2ba3,distinct motion retread,discrete wavelet transform (DWT),general,Computer Science,Signal Processing,verified,tortured_csv,0,0,0,0.0,likely_tortured,0.99,2026-01-20T08:12:02.530908+00:00
10e7b6e6-a53c-4d87-a7df-1dff26df3647,distinguishing proof,identification,general,Computer Science,Machine Learning,verified,pps_obvious_2026_06_18,0,0,0,0.0,likely_tortured,0.0,2026-01-20T08:11:58.334592+00:00
87cb0884-218b-4fcd-9411-da5580737d35,distinguishing proof framework,identification system,general,Computer Science,Data Science,verified,pps_obvious_2026_06_18,0,0,0,0.0,likely_tortured,0.0,2026-01-20T08:11:59.165415+00:00
7ffb12c3-a297-444b-bfac-cf577918c0b2,distinguishing proof of plant illnesses,identification of plant diseases,general,Biology,,verified,pps_obvious_2026_06_18,0,0,0,0.0,likely_tortured,0.0,2026-01-20T08:12:02.361211+00:00
74478856-cac4-4e6d-b5ac-09c94f3de1aa,DoS assault,denial-of-service (DoS) attack,general,Computer Science,,verified,pps_obvious_2026_06_18,0,0,0,0.0,likely_tortured,0.0,2026-01-20T08:11:58.419514+00:00
6b1a968c-7f55-43b3-a97d-5f2cfe1ce02e,double straight classifier,binary linear classifier,general,General,,verified,pps_obvious_2026_06_18,0,0,0,0.0,likely_tortured,0.99,2026-01-20T08:12:01.637551+00:00
2c05ecc4-1d0f-4ad5-9f0d-5b533d12ad50,dyadic choice tree,dyadic decision tree (DDT),general,Computer Science,,verified,pps_obvious_2026_06_18,0,0,0,0.0,likely_tortured,0.99,2026-01-20T08:12:03.510000+00:00
173a786d-2707-4b97-8a18-2584ca2823a6,dynmic interation,dynamic interaction,,,,verified,ai_detection,0,0,0,0.0,likely_tortured,0.99,2026-04-26T07:17:29.743165+00:00
3f3706e8-6627-48f0-803b-9d5370aaed46,eager discourse,emotional speech,general,Psychology,,verified,pps_obvious_2026_06_18,0,0,0,0.0,likely_tortured,0.99,2026-01-20T08:12:01.516317+00:00
8ccc3f98-e1ff-48c2-8aad-ed4778300581,eager layer-wise preparing,greedy layer-wise training,general,General,,verified,pps_obvious_2026_06_18,0,0,0,0.0,likely_tortured,0.0,2026-01-20T08:12:03.445369+00:00
e00dc5ba-3a15-4e86-b41f-4bb9d805e30c,earthy colored movement,Brown(ian) motion,general,Physics,Statistical Mechanics,verified,pps_obvious_2026_06_18,0,0,0,0.0,likely_tortured,0.99,2026-01-20T08:12:02.473603+00:00
5a076283-9139-4b0d-a134-4cbe8fda1786,edit choice strategy,Crop Selection Method,general,General,,verified,pps_obvious_2026_06_18,0,0,0,0.0,likely_tortured,0.99,2026-01-20T08:12:02.824766+00:00
691d1e02-8edc-4134-b44e-ae0ac6168b63,edit yield,crop yield,general,General,,verified,pps_obvious_2026_06_18,0,0,0,0.0,likely_tortured,0.0,2026-01-20T08:11:59.165415+00:00
524f2b72-1712-4f90-b12d-2e67a830ceb1,EIERSRASS FUNCTION,WEIERSTRASS FUNCTION,,,,verified,ai_detection,0,0,0,0.0,likely_tortured,0.99,2026-01-31T13:26:21.761771+00:00
c78459ee-61e2-49a2-aadd-4b3a06fe6c3e,electrochemical recurrence balance,electrochemical frequency modulation (EFM),general,Mathematics,,verified,pps_obvious_2026_06_18,0,0,0,0.0,likely_tortured,1.0,2026-01-20T08:12:03.135413+00:00
5e8592c7-fd1e-40c4-b76f-be2ee5601667,element choice technique,feature selection method,general,Computer Science,Machine Learning,verified,pps_obvious_2026_06_18,0,0,0,0.0,likely_tortured,0.0,2026-01-20T08:12:00.652036+00:00
69a5057f-b429-424d-b09f-8fd0de89a4a7,element extraction calculation,feature extraction algorithm,general,General,,verified,pps_obvious_2026_06_18,0,0,0,0.0,likely_tortured,0.99,2026-01-20T08:12:00.328837+00:00
9c1e2ee3-3227-46b6-b126-5e9bd9aafdd9,ellipse formed ebb and flow,elliptic-curve cryptography,general,Mathematics,Approximation Theory,verified,tortured_csv,0,0,0,0.0,likely_tortured,0.99,2026-01-20T08:12:02.824766+00:00
33b8d462-2889-4e6a-a826-34fbdf3d3232,emotion acknowledgment,emotion recognition,general,Psychology,Emotion Recognition,verified,pps_obvious_2026_06_18,0,0,0,0.0,likely_tortured,0.0,2026-01-20T08:11:58.477753+00:00
031c4265-5b7d-4dfe-a868-f83efa7865c0,encourage vector machine,support vector machine (SVM),general,Computer Science,Machine Learning,verified,pps_obvious_2026_06_18,0,0,0,0.0,likely_tortured,1.0,2026-01-20T08:12:02.768871+00:00
1e7ceaaa-2473-43f7-9c22-a7f78ee626e8,encouraging group of people (SVM),support vector machine (SVM),general,Computer Science,Machine Learning,verified,tortured_csv,0,0,0,0.0,likely_tortured,0.99,2026-01-20T08:12:02.941195+00:00
3ae834ca-9e53-4079-852c-6a8f3dcc433f,endless ailments,chronic illneses,general,Medicine,Chronic Illness,verified,pps_obvious_2026_06_18,0,0,0,0.0,likely_not_tortured,0.7,2026-01-20T08:12:00.802180+00:00
c2ff21b2-9e87-45e9-a00e-15a0968e9806,energy center point,energy hub,general,Engineering,Energy Systems,verified,pps_obvious_2026_06_18,0,0,0,0.0,likely_tortured,0.0,2026-01-20T08:12:00.055451+00:00
772db573-5c73-4ce4-bfb6-be3c7a5f05b2,Engineering Cyber Physi cal Human Systems,Engineering Cyber-Physical Human Systems,,Engineering,,verified,ai_detection,0,0,0,0.0,likely_tortured,0.99,2026-06-16T19:25:43.804535+00:00
6f18b618-65b4-4644-9504-9d66507bc951,engineering of a neural organization,architecture of a neural network,general,Engineering,Neural Networks,verified,pps_obvious_2026_06_18,0,0,0,0.0,likely_tortured,0.99,2026-01-20T08:12:03.510000+00:00
2e42e5b4-ce71-49ce-9998-9c49c9962dd8,engine mastering,machine learning,general,Psychology,,verified,pps_obvious_2026_06_18,0,0,0,0.0,likely_tortured,0.0,2026-01-20T08:12:00.501885+00:00
20b5b4a5-ceab-4421-959d-2f4d031516b7,engine neuron,motor neuron,general,Biology,Neuroscience,verified,pps_obvious_2026_06_18,0,0,0,0.0,likely_tortured,0.99,2026-01-20T08:11:59.379143+00:00
9f21aa05-1699-45ac-ad53-f2982f63e7e5,enormous information investigation,Big Data Analytics (BDA),general,Chemistry,,verified,pps_obvious_2026_06_18,0,0,0,0.0,likely_tortured,0.0,2026-01-20T08:11:59.023927+00:00
4b0b711e-fb2e-4bf2-ac41-a0662b847057,enormous language models,large language models,general,Computer Science,Natural Language Processing,verified,pps_obvious_2026_06_18,0,0,0,0.0,likely_tortured,0.99,2026-01-20T08:11:59.955433+00:00
0a396f77-79eb-443a-b311-9da413f8215e,enormous preparing artificial neural networks,Massive-Training Artificial Neural Network (MTANN),general,Medicine,,verified,pps_obvious_2026_06_18,0,0,0,0.0,likely_tortured,0.0,2026-01-20T08:12:02.653403+00:00
8ab560a4-e653-4dc6-9614-716936b8f8a6,episode photon recurrence,incident photon frequency,general,Economics,,verified,pps_obvious_2026_06_18,0,0,0,0.0,likely_tortured,0.99,2026-01-20T08:12:03.510000+00:00
2645c527-6084-4f7b-bbf8-c01fa21e1989,equal calculation,parallel computing,general,General,,verified,pps_obvious_2026_06_18,0,0,0,0.0,likely_tortured,0.99,2026-01-20T08:11:58.606699+00:00
eb9a46ac-04bd-48f3-9322-ed73bbcb8c46,equipment learning (ML),machine learning (ML),general,Computer Science,Machine Learning,verified,tortured_csv,0,0,0,0.0,likely_tortured,0.99,2026-01-20T08:12:02.211628+00:00
66dd2ac7-44d1-461c-a888-ca3fb6f0f205,essential nearby arrangement search instrument,basic local alignment search tool (BLAST),general,Biology,,verified,pps_obvious_2026_06_18,0,0,0,0.0,likely_tortured,0.99,2026-01-20T08:12:02.653403+00:00
d582ea8a-7082-4af9-b25a-12b4f89bbdfc,esteem chain,value chain,general,Biology,Immunology,verified,pps_obvious_2026_06_18,0,0,0,0.0,likely_tortured,0.0,2026-01-20T08:11:58.898948+00:00
d1e9a016-027e-4356-ac14-d410faa50c37,Euclidean separation,Euclidean distance,general,Mathematics,,verified,pps_obvious_2026_06_18,0,0,0,0.0,likely_tortured,0.99,2026-01-20T08:11:58.419514+00:00
38e74336-33f0-4f09-898e-dd4424a8630b,European National Bank (ECB),European Central Bank (ECB),general,Mathematics,Data Clustering,verified,tortured_csv,0,0,0,0.0,likely_tortured,0.99,2026-01-20T08:12:03.573677+00:00
8988e799-4fde-4c75-8b19-46e895b64a8e,EVALUTION METRICES,EVALUATION METRICS,,Computer Science,Machine Learning,verified,ai_detection,0,0,0,0.0,likely_tortured,0.99,2026-06-15T10:46:11.670875+00:00
baf71c17-d5b4-4eb7-ad57-a030e98a56b8,even encryption calculation,symmetric encryption algorithm,general,Computer Science,Data Standards,verified,pps_obvious_2026_06_18,0,0,0,0.0,likely_tortured,0.99,2026-01-20T08:12:02.881616+00:00
1b5b10e9-6b96-4d45-b363-13e5def43ef6,"exactness, accuracy and affectability","accuracy, precision and sensitivity",general,Mathematics,Measurement,verified,pps_obvious_2026_06_18,0,0,0,0.0,likely_tortured,0.99,2026-01-20T08:12:01.865548+00:00
3ef7adc0-718d-41d2-90d8-4bfa9ef75c0c,"exactness, accuracy, and review","precision, accuracy, and recall",general,Physics,Thermodynamics,verified,pps_obvious_2026_06_18,0,0,0,0.0,likely_tortured,1.0,2026-01-20T08:11:59.842122+00:00
3df6d493-15cc-41e3-b3b2-74806f177cb4,"exactness, accuracy, memory","accuracy, precision, recall",general,Mathematics,Statistics,verified,pps_obvious_2026_06_18,0,0,0,0.0,likely_not_tortured,0.7,2026-01-20T08:12:02.530908+00:00
61b9a68e-b9d4-4d7f-bbe3-6b3687845802,"exactness, accuracy, review","precision, accuracy, recall",general,Computer Science,Mobile Computing,verified,pps_obvious_2026_06_18,0,0,0,0.0,likely_tortured,0.0,2026-01-20T08:11:58.838622+00:00
3692eb26-fa64-4185-a569-320b9d1fcd6a,exactness and affectability,specificity and sensitivity,general,Biology,,verified,pps_obvious_2026_06_18,0,0,0,0.0,likely_tortured,0.0,2026-01-20T08:12:00.857236+00:00
e9ee1320-a1ff-495f-a412-2c15afbdf130,Exactness and Loss esteem,accuracy and loss values,general,Computer Science,Machine Learning,verified,pps_obvious_2026_06_18,0,0,0,0.0,likely_tortured,0.99,2026-01-20T08:12:02.211628+00:00
1aebb64e-b570-4f16-a1bc-676523642e18,exactness and recall,precision and recall,general,Medicine,,verified,pps_obvious_2026_06_18,0,0,0,0.0,likely_tortured,0.99,2026-01-20T08:11:58.963885+00:00
3f2c634e-f89b-49dc-a020-cb48faa8a890,exactness and review,precision and recall,general,Computer Science,Information Retrieval,verified,pps_obvious_2026_06_18,1,1,0,1.0,likely_tortured,0.99,2026-01-20T08:11:59.165415+00:00
6faff199-f113-4dea-9a7b-16512ec30759,exactness and strength,accuracy and robustness,general,General,,verified,pps_obvious_2026_06_18,0,0,0,0.0,likely_not_tortured,0.7,2026-01-20T08:12:00.120634+00:00
e6ec564b-e527-4603-bd36-a1565212743d,"exactness, correctness, review","accuracy, precision, recall",general,Mathematics,Statistics,verified,pps_obvious_2026_06_18,0,0,0,0.0,likely_tortured,0.0,2026-01-20T08:12:01.516317+00:00
4c8b6e49-6266-484c-8312-e5c71317dffb,exactness esteem,accuracy value,general,Mathematics,,verified,pps_obvious_2026_06_18,0,0,0,0.0,likely_tortured,0.99,2026-01-20T08:11:59.457436+00:00
01b408f2-07e9-47b3-8a21-492387d5bc38,exactness horticulture,precision agriculture,general,General,Learning,verified,pps_obvious_2026_06_18,0,0,0,0.0,likely_tortured,0.99,2026-01-20T08:12:00.328837+00:00
25dc3180-2774-41c2-950c-247b195499ac,exactness pace,accuracy rate,general,Computer Science,Networking,verified,pps_obvious_2026_06_18,0,0,0,0.0,likely_tortured,0.99,2026-01-20T08:11:59.309351+00:00
667168ac-1b5d-4e16-96ec-7199b092367f,exactness rate,accuracy rate,general,Computer Science,Natural Language Processing,verified,pps_obvious_2026_06_18,0,0,0,0.0,likely_tortured,0.0,2026-01-20T08:11:58.606699+00:00
2e471371-57a1-4f36-87b0-dad7bf772d22,"exactness, review","precision, recall",general,Mathematics,,verified,pps_obvious_2026_06_18,0,0,0,0.0,likely_tortured,0.0,2026-01-20T08:11:58.838622+00:00
7ef816fb-eccb-4ee0-85ba-b6d647c2eab6,examination bunch,research group,general,General,,verified,pps_obvious_2026_06_18,0,0,0,0.0,likely_tortured,0.0,2026-01-20T08:12:00.182559+00:00
6d14d54f-1ecf-4850-ab62-6ef75d3d9c95,example acknowledgment,pattern recognition,general,Computer Science,Pattern Recognition,verified,pps_obvious_2026_06_18,0,0,0,0.0,likely_tortured,0.0,2026-01-20T08:11:58.334592+00:00
c0f8ac60-42ac-421f-a2f8-1977c8fe82f3,example arrangement,pattern recognition,general,Computer Science,Artificial Intelligence,verified,pps_obvious_2026_06_18,0,0,0,0.0,likely_tortured,0.0,2026-01-20T08:11:58.419514+00:00
09713254-182e-4f76-a119-eecb30bb46fd,excessively enormous,very large,general,Computer Science,Image Processing,verified,pps_obvious_2026_06_18,0,0,0,0.0,likely_tortured,0.99,2026-01-20T08:11:59.245957+00:00
a184cc92-87c6-48d4-9113-ab6995678c27,expectation exactness,prediction accuracy,general,Mathematics,Machine Learning,verified,pps_obvious_2026_06_18,0,0,0,0.0,likely_tortured,0.0,2026-01-20T08:11:58.838622+00:00
58a4798d-4cca-4b55-bf62-d8054378d2a0,expectation of collect yield,prediction of crop yield,general,Engineering,Fluid Mechanics,verified,pps_obvious_2026_06_18,0,0,0,0.0,likely_tortured,0.99,2026-01-20T08:12:02.596202+00:00
5e2e1562-bcce-40fc-ba89-615b82684c4f,exploratory bunch,variable factor,general,Mathematics,,verified,pps_obvious_2026_06_18,0,0,0,0.0,likely_tortured,0.0,2026-01-20T08:12:01.085511+00:00
81378712-9261-489a-8186-58d1cb21e945,exploratory information examination,exploratory data analysis (EDA),general,Computer Science,Data Analysis,verified,pps_obvious_2026_06_18,0,0,0,0.0,likely_tortured,0.99,2026-01-20T08:11:59.724741+00:00
f7a8c076-a928-4722-9da7-5711d9adae15,extensive optional administrations information,Unstructured Supplementary Service Data (USSD),general,General,,verified,pps_obvious_2026_06_18,0,0,0,0.0,likely_tortured,1.0,2026-01-20T08:12:03.135413+00:00
71cbf03d-5441-4771-a07d-fcaa011fc5ea,extreme most dangerous respiratory tract disorder Coronavirus (SARS-CoV-2),Severe Acute Respiratory Syndrome Coronavirus 2 (SARS-CoV-2),general,Medicine,,verified,pps_obvious_2026_06_18,0,0,0,0.0,likely_tortured,1.0,2026-01-20T08:12:02.530908+00:00
bec635e6-4daf-4897-a0dc-a6a14c129cfe,extricate the information,extract data,general,General,,verified,pps_obvious_2026_06_18,0,0,0,0.0,likely_tortured,0.99,2026-01-20T08:11:59.724741+00:00
37bb9ec0-c9a3-4c92-9fc9-8bd904bc4dc0,eye ailments,eye disease,general,Medicine,Ophthalmology,verified,pps_obvious_2026_06_18,0,0,0,0.0,likely_not_tortured,0.8,2026-01-20T08:11:58.419514+00:00
ff9f6015-1809-4626-a285-23f19c5da8db,face acknowledgement,face recognition,general,Economics,,verified,pps_obvious_2026_06_18,0,0,0,0.0,likely_tortured,0.0,2026-01-20T08:11:58.419514+00:00
0d1bb498-c7a0-4976-b856-48bd137949c3,face acknowledgment,face recognition,general,Computer Science,Computer Vision,verified,pps_obvious_2026_06_18,0,0,0,0.0,likely_tortured,0.99,2026-01-20T08:11:58.419514+00:00
f3500fb5-def3-4e87-b530-5da81d62d1d8,face to face placeable information,personally identifiable information (PII),general,Engineering,Nanotechnology,verified,pps_obvious_2026_06_18,0,0,0,0.0,likely_tortured,0.99,2026-01-20T08:12:03.201815+00:00
20b97f6c-db3a-4599-80a7-a0a3fa0592f8,face to face unmistakable information,personally identifiable information (PII),general,General,,verified,pps_obvious_2026_06_18,0,0,0,0.0,likely_tortured,0.99,2026-01-20T08:12:03.003510+00:00
2b4a53f5-05a0-4d36-9a30-de0164ad0aaf,facial acknowledgement,face recognition,general,Computer Science,Computer Vision,verified,pps_obvious_2026_06_18,0,0,0,0.0,likely_tortured,0.99,2026-01-20T08:11:59.724741+00:00
240db638-7eec-44a7-98ee-f0c35fd01acf,facial acknowledgment,face recognition,general,Computer Science,Computer Vision,verified,pps_obvious_2026_06_18,0,0,0,0.0,likely_tortured,0.99,2026-01-20T08:11:58.662706+00:00
a377d4f3-77c4-4855-aee4-0d40516aacda,facial feeling acknowledgment,facial expression recognition (FER),general,General,,verified,pps_obvious_2026_06_18,1,1,0,1.0,likely_tortured,0.99,2026-01-20T08:12:00.182559+00:00
19d6d81c-ce19-46bb-99d7-7d7aa19e4d27,facup-to-dateries,factories,general,General,,verified,tortured_csv,0,0,0,0.0,likely_tortured,0.99,2026-01-20T08:12:03.510000+00:00
2de43596-4b51-4939-82a2-a156f24530fd,fake neural organization-based,artificial neural network (ANN),general,Computer Science,Computer Vision,verified,pps_obvious_2026_06_18,0,0,0,0.0,likely_tortured,0.0,2026-01-20T08:12:02.153764+00:00
8ee43437-2cf0-4dfe-8a37-f14e975857dc,fake neural organizations,Artificial Neural Network (ANN),general,General,,verified,pps_obvious_2026_06_18,0,0,0,0.0,likely_tortured,0.0,2026-01-20T08:11:58.838622+00:00
8f131787-751d-462d-8be4-39f58263955c,fake Recurrent Neural Network,artificial Recurrent Neural Network,general,General,,verified,pps_obvious_2026_06_18,0,0,0,0.0,likely_tortured,0.0,2026-01-20T08:12:01.373988+00:00
369f32fc-0971-4a25-8239-43f50655f9ec,false nice charge,false positive rate,general,Computer Science,Computer Vision,verified,tortured_csv,0,0,0,0.0,likely_tortured,0.99,2026-01-20T08:12:02.211628+00:00
dc388113-1fcf-4236-9e51-f8192086194b,"false, positive voxels",false positive voxels,,Medicine,Oncology,verified,ai_detection,0,0,0,0.0,likely_tortured,0.99,2026-04-28T20:35:38.339062+00:00
9f112c27-b916-4da2-bb93-fa76cc446f24,farther detecting information,remote sensing data,general,General,,verified,pps_obvious_2026_06_18,0,0,0,0.0,likely_tortured,0.0,2026-01-20T08:12:01.694044+00:00
500342e0-187f-407c-a516-de0e50072f9f,fast Fourier change,Fast Fourier Transform,general,Computer Science,Cybersecurity,verified,pps_obvious_2026_06_18,0,0,0,0.0,likely_tortured,0.99,2026-01-20T08:11:59.245957+00:00
a5360c8e-87c5-4f3b-9999-60fdb6973299,Fast Fourier Theorem,Fast Fourier Transform (FFT),general,General,,verified,pps_obvious_2026_06_18,0,0,0,0.0,likely_tortured,0.0,2026-01-20T08:12:00.913838+00:00
16c4237a-955f-4324-aaf3-8bbca73de558,faulty neural network,convolutional neural network (CNN),general,Mathematics,,verified,pps_obvious_2026_06_18,0,0,0,0.0,likely_not_tortured,0.9,2026-01-20T08:11:59.623196+00:00
ba539998-2887-435a-bb12-07d8c67d7b24,faux neural affiliation,artificial neural network,general,Computer Science,,verified,pps_obvious_2026_06_18,0,0,0,0.0,likely_tortured,0.99,2026-01-20T08:12:02.097164+00:00
df09c97e-87c8-451f-b15f-6ea325eff3ce,feathered creature distinguishing proof,bird identification,general,Medicine,,verified,pps_obvious_2026_06_18,0,0,0,0.0,likely_tortured,0.99,2026-01-20T08:12:03.573677+00:00
a26ca14a-f2dc-450d-b969-37f96bfda76c,feathered creature species recognizable proof,bird species identification,general,General,,verified,pps_obvious_2026_06_18,0,0,0,0.0,likely_tortured,0.0,2026-01-20T08:12:03.510000+00:00
153356b2-3bce-4dd5-937f-c0e24b6aa388,feature choice,feature selection,general,Computer Science,Facial Recognition,verified,pps_obvious_2026_06_18,0,0,0,0.0,likely_not_tortured,0.8,2026-01-20T08:11:58.334592+00:00
4b4248b8-9e31-4f39-851c-c65d3481db3b,feed-forward neural organization,feed forward neural network,general,Computer Science,Neural Networks,verified,pps_obvious_2026_06_18,0,0,0,0.0,likely_tortured,0.0,2026-01-20T08:11:59.623196+00:00
a662fcc3-9482-4868-bcf4-923457a26d42,feedforward neural organization,feedforward neural network,general,Computer Science,,verified,pps_obvious_2026_06_18,0,0,0,0.0,likely_tortured,0.0,2026-01-20T08:12:00.328837+00:00
f65da518-2580-4fe8-b73f-fb960cc7cb6e,feed-forward simulated neural system,feed-forward artificial neural network,general,Computer Science,Networking,verified,pps_obvious_2026_06_18,0,0,0,0.0,likely_tortured,0.99,2026-01-20T08:12:02.272374+00:00
6ea66413-7f67-43ab-935b-15341f91b6fe,feeling acknowledgement,emotion recognition,general,Psychology,Emotion Recognition,verified,pps_obvious_2026_06_18,0,0,0,0.0,likely_tortured,0.0,2026-01-20T08:11:58.780182+00:00
cec8a115-5458-45e0-833c-394982a091e7,feeling acknowledgment,emotion recognition,general,General,,verified,pps_obvious_2026_06_18,0,0,0,0.0,likely_tortured,0.99,2026-01-20T08:11:58.662706+00:00
be6a8f42-7a3b-4d94-bcee-c6135ebb2622,feeling recognizable proof,emotion identification,general,Mathematics,Statistics,verified,pps_obvious_2026_06_18,0,0,0,0.0,likely_tortured,0.0,2026-01-20T08:12:01.085511+00:00
4303b7ac-97c1-4ecd-8334-0aadd74e1ebb,field arranged control,field oriented control (FOC),general,Engineering,Control Systems,verified,pps_obvious_2026_06_18,0,0,0,0.0,likely_tortured,0.0,2026-01-20T08:12:01.373988+00:00
6ff6ed83-4753-4845-acde-b6c89a4b87d5,finger impression acknowledgement,fingerprint recognition,general,Computer Science,Biometrics,verified,pps_obvious_2026_06_18,0,0,0,0.0,likely_tortured,0.0,2026-01-20T08:12:01.451973+00:00
f96fa8bb-ad8f-41f9-9f2b-d1a68e760aec,firefly calculation,firefly algorithm,general,Computer Science,Optimization,verified,pps_obvious_2026_06_18,0,0,0,0.0,likely_tortured,1.0,2026-01-20T08:11:59.165415+00:00
421b7874-494a-4874-8e4f-25eb639acce2,firefly calculation on the minimal middle of squares,firefly algorithm on the Least Median of Squares (FA-LMedS),general,Computer Science,Optimization,verified,pps_obvious_2026_06_18,0,0,0,0.0,likely_tortured,0.0,2026-01-20T08:12:02.596202+00:00
aa1cf411-56bd-44b2-87d0-f8239a1aac31,first-demand point plunge computation,first-order gradient descent algorithm,general,General,,verified,pps_obvious_2026_06_18,0,0,0,0.0,likely_tortured,0.0,2026-01-20T08:12:02.768871+00:00
2cb896d4-5c99-4e5b-818d-22e4e2c5fc71,flag preparing,signal processing,general,General,,verified,pps_obvious_2026_06_18,0,0,0,0.0,likely_tortured,0.99,2026-01-20T08:11:59.023927+00:00
664e156f-4589-406b-932f-910f4b3a2fc0,fledgling species distinguishing proof,bird species identification,general,Biology,Taxonomy,verified,pps_obvious_2026_06_18,0,0,0,0.0,likely_tortured,0.99,2026-01-20T08:12:03.445369+00:00
25544bfc-4753-4da4-abc9-c9a1731658a9,fleecy reason,fuzzy logic,general,Biology,Immunology,verified,tortured_csv,0,0,0,0.0,likely_tortured,0.99,2026-01-20T08:12:02.881616+00:00
e55764e9-af98-4cec-ac57-dc6f426affdc,flexibly chain,supply chain,general,General,,verified,pps_obvious_2026_06_18,0,0,0,0.0,likely_tortured,0.0,2026-01-20T08:11:59.245957+00:00
00aa9da3-7300-47f9-a9f2-bd00cb6955e3,flexibly chain the executives,supply chain management,general,Engineering,,verified,pps_obvious_2026_06_18,0,0,0,0.0,likely_tortured,0.99,2026-01-20T08:12:01.200878+00:00
44d6396e-da22-44c4-b2b4-5b3d375a143c,Focal Insight Organization (CIA),Central Intelligence Agency (CIA),general,Computer Science,,verified,tortured_csv,0,0,0,0.0,likely_tortured,0.99,2026-01-20T08:12:03.510000+00:00
d1ff06fe-a976-45c3-b82a-4d51b73ee5ec,focal point of the molecule,center of the particule,general,Mathematics,Statistics,verified,pps_obvious_2026_06_18,0,0,0,0.0,likely_tortured,0.0,2026-01-20T08:12:00.501885+00:00
f3fcc15e-decb-4992-8afc-9075fa59f958,focal preparing unit,central processing unit (CPU),general,Computer Science,Hardware,verified,pps_obvious_2026_06_18,0,0,0,0.0,likely_tortured,0.99,2026-01-20T08:12:00.413699+00:00
b7229259-027d-461b-9f7e-8618a51a6cc2,folic corrosive,folic acid,general,Economics,,verified,tortured_csv,0,0,0,0.0,likely_tortured,0.99,2026-01-20T08:11:59.623196+00:00
bb89cedd-1abd-4e47-8a35-cca836a8e87d,food gracefully chain,food supply chain,general,Economics,,verified,pps_obvious_2026_06_18,0,0,0,0.0,likely_tortured,0.0,2026-01-20T08:12:01.516317+00:00
d648f057-7278-4058-a304-2670ddb4b1a2,force lattice,power grid,general,Computer Science,Modeling,verified,pps_obvious_2026_06_18,0,0,0,0.0,likely_tortured,0.0,2026-01-20T08:11:58.538212+00:00
07a2f9cc-26c2-4d4c-9411-4cc29ac13aa4,force supply unit,power supply unit,general,General,,verified,pps_obvious_2026_06_18,0,0,0,0.0,likely_tortured,0.99,2026-01-20T08:12:01.516317+00:00
cfec529b-de8b-4c4a-8907-1d942f853f9b,force weighted mean recurrence,intensity weighted mean frequency,general,Physics,,verified,pps_obvious_2026_06_18,0,0,0,0.0,likely_tortured,0.0,2026-01-20T08:12:03.073626+00:00
a6667438-dd75-4c5b-ac9c-d73bbc1ca2dd,forecast and arrangement,prediction and classification,general,General,,verified,pps_obvious_2026_06_18,0,0,0,0.0,likely_tortured,0.0,2026-01-20T08:12:00.913838+00:00
eea85f76-4a13-4e91-9473-19b743f1d727,forecast exactness,prediction accuracy,general,Mathematics,Statistics,verified,pps_obvious_2026_06_18,0,0,0,0.0,likely_tortured,0.99,2026-01-20T08:11:58.838622+00:00
72f4b59d-731c-43fe-b61a-42d718ca73bf,forecast of collect yield,prediction of crop yield,general,General,,verified,pps_obvious_2026_06_18,0,0,0,0.0,likely_tortured,0.99,2026-01-20T08:12:02.530908+00:00
f45b35c4-efac-446b-90a7-703d44b57e81,forswearing of-benefit assault,denial-of-service (DoS) attack,general,General,,verified,pps_obvious_2026_06_18,0,0,0,0.0,likely_tortured,0.99,2026-01-20T08:12:02.596202+00:00
0382f3e7-0961-4062-9bf9-b88043bb844c,fortify vector machine,support vector machine (SVM),general,General,,verified,pps_obvious_2026_06_18,0,0,0,0.0,likely_tortured,0.99,2026-01-20T08:12:02.211628+00:00
0e436d4f-cdf7-449b-b270-794631ace129,Fourier change,Fourier transform,general,Mathematics,Transformations,verified,pps_obvious_2026_06_18,0,0,0,0.0,likely_tortured,0.99,2026-01-20T08:11:58.419514+00:00
aced267b-f561-4e42-9670-5f54fbbb124a,Fourier Fourier (FFT),Fast Fourier Transform (FFT),general,General,,verified,pps_obvious_2026_06_18,0,0,0,0.0,likely_tortured,0.0,2026-01-20T08:12:01.085511+00:00
2afcdfc0-017a-499d-8a29-9f1dbbbd24ac,Fourier metamorphosis,Fourier transform,general,Mathematics,Transformations,verified,pps_obvious_2026_06_18,0,0,0,0.0,likely_tortured,0.99,2026-01-20T08:12:01.865548+00:00
1af2370f-f034-4f54-bd82-8c902ae0f8c2,Fourier portrayal,Fourier representation,general,Mathematics,Fourier Analysis,verified,pps_obvious_2026_06_18,0,0,0,0.0,likely_tortured,0.99,2026-01-20T08:12:01.921143+00:00
391ee691-9194-40e3-9db2-76b12a22c371,Fourier remodel,Fourier transform,general,Mathematics,Transformations,verified,pps_obvious_2026_06_18,0,0,0,0.0,likely_tortured,0.99,2026-01-20T08:11:59.457436+00:00
b02b9bb4-223c-4b0b-9cc7-62d598d6aac9,Fourier rework,Fourier transform,general,Economics,,verified,pps_obvious_2026_06_18,0,0,0,0.0,likely_tortured,0.0,2026-01-20T08:11:59.623196+00:00
f8b34c09-f868-4921-a11c-5930e2a405da,Fourier rework Infrared,Fourier transform Infrared (FTIR),general,Chemistry,,verified,pps_obvious_2026_06_18,0,0,0,0.0,likely_tortured,0.0,2026-01-20T08:12:01.142942+00:00
1003697c-577e-45fc-98a3-968da42c17da,Fourier transfer infrared (FT-IR),Fourier transform infrared (FT-IR),technical,,,verified,pps_obvious_2026_06_18,,,,,not_reviewed,,2026-06-19T09:14:30.298171+00:00
df2ea0c0-2e97-4573-b923-deaa61390d53,Fourier transmission infrared,Fourier transform infrared (FTIR),technical,,,verified,pps_obvious_2026_06_18,,,,,not_reviewed,,2026-06-19T09:14:30.298171+00:00
6bea3bb6-157d-48f0-b605-832ad4ec30a0,fowl recognizable proof,bird identification,general,Economics,,verified,pps_obvious_2026_06_18,0,0,0,0.0,likely_tortured,0.99,2026-01-20T08:12:03.445369+00:00
cf661f5b-dbea-490d-bbdf-0212f09a3e59,Free Example T-test,independent sample t-test,general,Computer Science,Machine Learning,verified,pps_obvious_2026_06_18,0,0,0,0.0,likely_tortured,0.99,2026-01-20T08:11:59.023927+00:00
618d4889-dc81-4801-8796-8ff25fe8aeb3,fuss scratch-off,noise cancellation,general,Engineering,Signal Processing,verified,tortured_csv,0,0,0,0.0,likely_tortured,0.99,2026-01-20T08:12:03.387766+00:00
7f753405-ea82-4ab7-855b-47fd70cc402f,gadget mastering,machine learning,general,Computer Science,Machine Learning,verified,pps_obvious_2026_06_18,0,0,0,0.0,likely_tortured,0.99,2026-01-20T08:11:58.538212+00:00
439d37d9-d550-4b61-b957-c6344a14cf5d,Gaussian optical heartbeat,Gaussian pulse,general,Physics,,verified,pps_obvious_2026_06_18,0,0,0,0.0,likely_tortured,0.99,2026-01-20T08:12:02.037476+00:00
c808d240-6612-4202-a344-584e88fad81a,general language preparation,natural language processing (NLP),general,Mathematics,Statistics,verified,pps_obvious_2026_06_18,0,0,0,0.0,likely_tortured,0.99,2026-01-20T08:12:01.085511+00:00
a6f774aa-f429-44d0-950a-fbd11120b270,gesture acknowledgement,gesture recognition,general,Computer Science,Machine Learning,verified,pps_obvious_2026_06_18,0,0,0,0.0,likely_tortured,0.0,2026-01-20T08:11:58.780182+00:00
456bcdbf-94a1-4a1a-8a56-b5e3fb0b679b,gesture acknowledgment,gesture recognition,general,Psychology,Social Psychology,verified,pps_obvious_2026_06_18,0,0,0,0.0,likely_tortured,0.99,2026-01-20T08:11:58.662706+00:00
4d550254-2da3-4eda-a036-50711171a71d,get-together the information into get-togethers,grouping the information into groups,general,General,,verified,pps_obvious_2026_06_18,0,0,0,0.0,likely_tortured,0.99,2026-01-20T08:12:02.881616+00:00
e9a99a4e-5974-4c08-b50a-6fb0a6bf2949,ghostly information,spectral data,general,Computer Science,Data Analysis,verified,pps_obvious_2026_06_18,0,0,0,0.0,likely_tortured,0.99,2026-01-20T08:12:00.579459+00:00
78344425-4063-404e-a999-3d9ac10c1250,glaucoma distinguishing proof,glaucoma identification,general,Medicine,Ophthalmology,verified,pps_obvious_2026_06_18,0,0,0,0.0,likely_tortured,0.99,2026-01-20T08:12:01.978925+00:00
d62a7496-dc29-4a97-b467-576232894612,gloom acknowledgement,depression recognition,general,General,,verified,pps_obvious_2026_06_18,0,0,0,0.0,likely_tortured,0.0,2026-01-20T08:12:03.510000+00:00
1ce8a8b9-69c5-4cfa-92fa-ec52321a76a2,gloom acknowledgment,depression recognition,general,Psychology,,verified,pps_obvious_2026_06_18,0,0,0,0.0,likely_tortured,0.99,2026-01-20T08:12:01.865548+00:00
300f7450-0f3e-44ae-8f07-e7141304b70a,glucose bigotry,glucose intolerance,general,Medicine,Endocrinology,verified,tortured_csv,0,0,0,0.0,likely_tortured,0.99,2026-01-20T08:12:00.501885+00:00
a735a208-f954-4f85-bb0b-a0e789f7f26c,goof rate,error rate,general,Biology,Genetics,verified,tortured_csv,0,0,0,0.0,likely_tortured,0.99,2026-01-20T08:12:01.028172+00:00
f8f1bf17-ab62-4021-8514-b3500071c7ff,google researcher,Google Scholar,technical,,,verified,pps_obvious_2026_06_18,,,,,not_reviewed,,2026-06-19T09:14:30.298171+00:00
08814569-f889-494e-93df-cd7b37bb0047,Government Information Processing Standard,Federal Information Processing Standard (FIPS),general,Mathematics,Statistics,verified,pps_obvious_2026_06_18,0,0,0,0.0,likely_not_tortured,0.8,2026-01-20T08:12:02.211628+00:00
afa6f3b3-b8cd-4614-9580-d0b5b7d59afd,grade point normal,grade point average (GPA),general,General,,verified,pps_obvious_2026_06_18,0,0,0,0.0,likely_tortured,0.0,2026-01-20T08:12:01.451973+00:00
af07f3a8-c58e-4077-92fb-b51e5e9f2f3b,grouped routinely interspaced short palindrome rehashes,Clustered Regularly Interspaced Short Palindromic Repeats,general,Biology,Genetics,verified,tortured_csv,0,0,0,0.0,likely_tortured,0.99,2026-01-20T08:12:02.473603+00:00
534675bb-264f-470d-bfb4-8fe502871ec4,grouping exactness,classification accuracy,general,Computer Science,Machine Learning,verified,pps_obvious_2026_06_18,0,0,0,0.0,likely_tortured,0.99,2026-01-20T08:11:58.898948+00:00
b60b432f-9e90-42eb-9e81-7ccf8a93466c,grumbled of serious agony,complained of severe pain,general,Physics,,verified,tortured_csv,0,0,0,0.0,likely_tortured,0.99,2026-01-20T08:12:02.710910+00:00
832a1828-35cc-4c24-9573-6e9dc92080f3,guide decrease calculation,MapReduce algorithm,general,General,,verified,pps_obvious_2026_06_18,0,0,0,0.0,likely_tortured,0.0,2026-01-20T08:12:03.573677+00:00
3c9fb400-e6c6-40aa-9e63-399bcf25f5a9,guide vector machine,support vector machine (SVM),general,Medicine,,verified,pps_obvious_2026_06_18,0,0,0,0.0,likely_tortured,0.0,2026-01-20T08:11:59.023927+00:00
c9612c3a-d2f9-421b-a7ac-3120f032bc3e,gullible Bayes,naive Bayes,general,General,,verified,pps_obvious_2026_06_18,0,0,0,0.0,likely_tortured,0.0,2026-01-20T08:11:58.838622+00:00
c85dcfd7-f149-4225-ae82-eee092c9418b,gullible Bayesian,naive Bayesian,general,General,,verified,pps_obvious_2026_06_18,0,0,0,0.0,likely_tortured,0.0,2026-01-20T08:12:01.085511+00:00
a4396f2d-e38d-4372-8129-c8008c16df4f,gullible Naive-Bayes,Naive Bayes,general,Computer Science,,verified,pps_obvious_2026_06_18,0,0,0,0.0,likely_tortured,0.99,2026-01-20T08:12:02.768871+00:00
3bc610c5-6d97-4b58-99c8-89da7450e6db,gum ailments,gum disease,general,General,,verified,pps_obvious_2026_06_18,0,0,0,0.0,likely_tortured,0.99,2026-01-20T08:11:59.623196+00:00
5b5a1bb0-b0da-4d35-8016-6eff9d66e8f6,half-breed calculation,hybrid algorithm,general,Computer Science,Machine Learning,verified,pps_obvious_2026_06_18,0,0,0,0.0,likely_tortured,0.99,2026-01-20T08:12:00.579459+00:00
12bff67c-b92e-47c7-9bb3-92030ffacfce,hand motion acknowledgment,hand gesture recognition,general,Mathematics,,verified,pps_obvious_2026_06_18,0,0,0,0.0,likely_tortured,0.0,2026-01-20T08:11:59.379143+00:00
43b31ea6-8214-4f53-8d8e-4fec0e1b0089,harmonic adsorption limit,Equilibrium adsorption capacity,general,Computer Science,Machine Learning,verified,pps_obvious_2026_06_18,0,0,0,0.0,likely_tortured,0.0,2026-01-20T08:12:02.211628+00:00
1a292eec-9e39-4c19-b0af-b5937fecadb7,heart ailments,heart disease,general,Medicine,Cardiology,verified,pps_obvious_2026_06_18,0,0,0,0.0,likely_not_tortured,0.8,2026-01-20T08:11:58.334592+00:00
b95bf960-8596-4029-ad46-fd5b5dfe9bf6,heart assault,heart attack,general,Computer Science,Machine Learning,verified,pps_obvious_2026_06_18,0,0,0,0.0,likely_tortured,1.0,2026-01-20T08:11:58.898948+00:00
3b2f1cef-69ea-46dc-a6fe-f9fa166aa15a,"heartiness, intangibility and inserting limit","robustness, imperceptibility, and embedding capacity",general,General,,verified,pps_obvious_2026_06_18,0,0,0,0.0,likely_tortured,0.0,2026-01-20T08:12:02.881616+00:00
478a0869-f291-4690-97dc-c9775488f504,heat move,heat transfer,general,Computer Science,,verified,pps_obvious_2026_06_18,0,0,0,0.0,likely_tortured,0.99,2026-01-20T08:11:58.334592+00:00
4d7f6e20-3e4a-4bed-ad30-2d0b111433b7,heat movement,heat transfer,general,Computer Science,,verified,pps_obvious_2026_06_18,0,0,0,0.0,likely_tortured,0.0,2026-01-20T08:11:58.334592+00:00
d1e1e978-232f-4936-b0bc-df938bdf6839,"helpful to doctors, helping them patients",assist doctors in treating patients,,,,verified,ai_detection,0,0,0,0.0,likely_tortured,0.99,2026-04-19T18:55:03.525564+00:00
51b98b6f-d84d-4caf-9872-81367d9937d3,help vector machine,support vector machine (SVM),general,Medicine,,verified,pps_obvious_2026_06_18,0,0,0,0.0,likely_tortured,0.99,2026-01-20T08:11:58.477753+00:00
96bca62a-7bda-4e35-b156-c739af6e1ff5,herbal choice,natural selection,general,Biology,Evolution,verified,pps_obvious_2026_06_18,0,0,0,0.0,likely_tortured,0.99,2026-01-20T08:11:59.623196+00:00
af570662-6d1a-4311-8248-dd8021358545,hereditary administrator,genetic algorithm,general,General,,verified,pps_obvious_2026_06_18,0,0,0,0.0,likely_tortured,0.99,2026-01-20T08:11:59.309351+00:00
2962dd9a-32fd-49cc-9087-1f30371ad092,hereditary algorithm,genetic algorithm,general,Computer Science,Genetic Algorithms,verified,pps_obvious_2026_06_18,0,0,0,0.0,likely_tortured,0.99,2026-01-20T08:11:58.780182+00:00
c9ff36d8-102d-4d5d-a780-d514a28975ec,hereditary algorithmic,genetic algorithm,general,General,,verified,pps_obvious_2026_06_18,0,0,0,0.0,likely_tortured,0.99,2026-01-20T08:12:01.316487+00:00
5728ef26-2e4b-4d9e-a8a7-33e8a744de87,hereditary calculation,genetic algorithm,general,General,,verified,pps_obvious_2026_06_18,0,0,0,0.0,likely_tortured,0.99,2026-01-20T08:11:58.477753+00:00
ab3a7a0c-c3c4-4818-9078-38a3b248743b,hereditary confusion,genetic disorder,general,Biology,,verified,pps_obvious_2026_06_18,0,0,0,0.0,likely_tortured,0.99,2026-01-20T08:12:01.921143+00:00
d388f8ff-dfa0-4558-8066-08a14de6a980,hereditary data of the phone,genetic information of the cell,general,Computer Science,Networking,verified,pps_obvious_2026_06_18,0,0,0,0.0,likely_tortured,0.99,2026-01-20T08:12:03.201815+00:00
461ad5c7-2caf-4ce1-af7d-f3b56f58e007,hereditary enhancer,genetic optimizer (genetic algorithm),general,Physics,,verified,pps_obvious_2026_06_18,0,0,0,0.0,likely_tortured,0.99,2026-01-20T08:12:02.941195+00:00
db88fdab-fe83-401d-ba62-35f55a028fe0,hereditary inquire,genetic research,general,Economics,,verified,pps_obvious_2026_06_18,0,0,0,0.0,likely_tortured,0.0,2026-01-20T08:12:02.272374+00:00
4be275f6-6e1b-43bc-a084-ff724d59cf29,hereditary programming,genetic programming,general,General,,verified,pps_obvious_2026_06_18,0,0,0,0.0,likely_tortured,0.99,2026-01-20T08:11:59.724741+00:00
a1b365fb-0a49-4760-8ddb-856c08061af7,hereditary recombination,genetic recombination,general,General,,verified,pps_obvious_2026_06_18,0,0,0,0.0,likely_not_tortured,0.8,2026-01-20T08:12:00.716324+00:00
d2953d45-4ddb-4baf-9be6-1132c4e50e4e,hereditary streamlining agent,genetic optimizer (genetic algorithm),general,Biology,Genetics,verified,pps_obvious_2026_06_18,0,0,0,0.0,likely_tortured,0.99,2026-01-20T08:12:03.073626+00:00
a29a9ff7-5748-4dd7-9f5b-6841b971df8c,high-layered include space,high-dimensional feature space,general,General,,verified,pps_obvious_2026_06_18,0,0,0,0.0,likely_tortured,0.0,2026-01-20T08:12:00.913838+00:00
4ddddb7b-12e1-4935-91a1-157feca0cccf,highlight determination calculation,feature selection algorithm,general,General,,verified,pps_obvious_2026_06_18,0,0,0,0.0,likely_tortured,0.0,2026-01-20T08:12:00.652036+00:00
fd5a421e-8512-4b59-994e-70d65f63e7eb,high-speed high-speed (FHM) calculation,Faster High-Utility Itemset Minin (FHM),general,Chemistry,Fuel Cells,verified,pps_obvious_2026_06_18,0,0,0,0.0,likely_tortured,0.99,2026-01-20T08:12:02.653403+00:00
19b6c5c0-c0ab-4f70-bcdb-82c650030cd5,Holt-wintry weather,Holt-Winters,general,Mathematics,Graph Theory,verified,tortured_csv,0,0,0,0.0,likely_tortured,0.99,2026-01-20T08:12:02.881616+00:00
5a9f459e-3dba-4555-ae93-2d0f4edc5eca,hotness misfortune,heat loss,general,Physics,Thermodynamics,verified,tortured_csv,0,0,0,0.0,likely_tortured,0.99,2026-01-20T08:12:01.316487+00:00
4d1a515c-4d23-43a1-93ef-eabe9f904d20,hub assault,node attack,general,Computer Science,Machine Learning,verified,pps_obvious_2026_06_18,0,0,0,0.0,likely_tortured,0.99,2026-01-20T08:12:00.913838+00:00
b7bd8424-23fc-4ad1-a386-80f2e0fa035c,Huge data analytics,Big Data Analytics (BDA),general,Computer Science,Big Data,verified,pps_obvious_2026_06_18,0,0,0,0.0,likely_not_tortured,0.7,2026-01-20T08:11:59.095666+00:00
a9b11feb-eb05-4064-9bfa-ccf97bbc34af,huge information,big data,general,Medicine,Diagnosis,verified,pps_obvious_2026_06_18,0,0,0,0.0,likely_tortured,0.0,2026-01-20T08:11:58.334592+00:00
9a2da9eb-48bc-4229-aeb1-6d88d1e08e93,huge quantities of individuals,large parts of the population,general,Psychology,,verified,pps_obvious_2026_06_18,0,0,0,0.0,likely_tortured,0.0,2026-01-20T08:11:59.955433+00:00
b8436ac3-1f86-4873-af62-c8373c9075ca,human movement acknowledgement,human activity recognition,general,Computer Science,Computer Vision,verified,pps_obvious_2026_06_18,0,0,0,0.0,likely_tortured,0.0,2026-01-20T08:12:00.120634+00:00
bf4ecb8d-7d4b-469a-a09d-bceec72781a3,human movement acknowledgment,human activity recognition,general,Computer Science,Machine Learning,verified,pps_obvious_2026_06_18,0,0,0,0.0,likely_tortured,0.99,2026-01-20T08:11:59.379143+00:00
f9391d9c-a933-42f1-b7bd-0889cbc77882,hybrid speech signalbased approach,hybrid speech signal-based approach,,,,verified,ai_detection,0,0,0,0.0,likely_tortured,0.99,2026-01-31T06:04:56.874857+00:00
abf932c1-205e-4327-8e33-7b50b88b3ac9,identification and arrangement,identification and classification,general,General,,verified,pps_obvious_2026_06_18,0,0,0,0.0,likely_not_tortured,0.7,2026-01-20T08:11:58.662706+00:00
e70b8c7a-b8be-4711-84b9-30782abbd828,ill-disposed discourse,hate speech,general,Psychology,,verified,pps_obvious_2026_06_18,0,0,0,0.0,likely_tortured,0.0,2026-01-20T08:12:01.808668+00:00
3278a518-cf12-4f27-9f59-1b1276d371fb,ill-disposed preparing,adversarial training,general,Computer Science,,verified,pps_obvious_2026_06_18,0,0,0,0.0,likely_tortured,0.99,2026-01-20T08:12:00.971704+00:00
a3069c39-5b78-4508-8499-186f89af506e,illness conclusion,disease diagnosis,general,Biology,Cell Biology,verified,pps_obvious_2026_06_18,0,0,0,0.0,likely_tortured,0.0,2026-01-20T08:11:58.334592+00:00
588818ce-28dd-461f-8db3-cc67c4db69be,illness distinguishing proof,disease identification,general,Medicine,Diagnostics,verified,pps_obvious_2026_06_18,0,0,0,0.0,likely_tortured,0.0,2026-01-20T08:12:00.913838+00:00
784dcb44-1a17-4315-80a8-0ddae9c90b6f,illuding information,misleading information,general,Computer Science,Job Management,verified,pps_obvious_2026_06_18,0,0,0,0.0,likely_tortured,0.99,2026-01-20T08:12:02.881616+00:00
d0d39a4c-1bf0-4a6e-ae58-13f23ce2be46,illustrations preparing unit,graphics processing unit (GPU),general,Computer Science,Graphics,verified,pps_obvious_2026_06_18,0,0,0,0.0,likely_tortured,0.0,2026-01-20T08:12:00.857236+00:00
05081adb-f659-4ffb-b5b2-988ee767fad6,image acknowledgement,image recognition,general,Computer Science,Speech Processing,verified,pps_obvious_2026_06_18,0,0,0,0.0,likely_tortured,0.99,2026-01-20T08:11:58.334592+00:00
19e61754-9a3b-49a0-8d52-0f9434123285,image acknowledgment,image recognition,general,Computer Science,Computer Vision,verified,pps_obvious_2026_06_18,0,0,0,0.0,likely_tortured,0.0,2026-01-20T08:11:58.334592+00:00
9dbd3335-fb48-411d-a6a0-5821a7f63b8f,imaginative and prescient loss,vision loss,general,Medicine,,verified,tortured_csv,0,0,0,0.0,likely_tortured,0.99,2026-01-20T08:12:00.579459+00:00
408a2458-8f78-4079-beae-eb90646fcd42,imagined in Floakel,depicted in Figure,,Engineering,Electrical,verified,ai_detection,0,0,0,0.0,likely_tortured,0.99,2026-06-14T18:18:26.822381+00:00
9354f353-9a1c-4929-a099-95a384b8709e,IMAP assault,IMAP attack,general,General,,verified,pps_obvious_2026_06_18,0,0,0,0.0,likely_tortured,0.99,2026-01-20T08:12:03.271909+00:00
79e9166d-47aa-4437-aea6-53938ebceed0,implicit calculation of K,K-means algorithm,general,Computer Science,Machine Learning,verified,pps_obvious_2026_06_18,0,0,0,0.0,likely_tortured,0.0,2026-01-20T08:12:02.417155+00:00
9b8a7096-b592-4254-9e7d-6885864c021c,include choice,feature selection,general,Computer Science,Clustering,verified,pps_obvious_2026_06_18,0,0,0,0.0,likely_tortured,0.0,2026-01-20T08:11:58.334592+00:00
dcae38bc-4389-4e7b-bc76-8328687c4786,include descriptor,feature descriptor,general,Computer Science,Machine Learning,verified,pps_obvious_2026_06_18,0,0,0,0.0,likely_tortured,0.0,2026-01-20T08:11:58.334592+00:00
92d7b680-cacc-489a-a8a1-ed31a880daae,include pyramid arrange,Feature Pyramid Network,general,Computer Science,Machine Learning,verified,pps_obvious_2026_06_18,0,0,0,0.0,likely_tortured,0.0,2026-01-20T08:12:02.153764+00:00
8d13a37b-e7ba-4013-b961-1fe4aa50a94e,indicative catalog,refractive index,general,Chemistry,,verified,tortured_csv,0,0,0,0.0,likely_tortured,0.99,2026-01-20T08:12:00.652036+00:00
4d53a4de-c474-445d-bedf-52baf9ad14d2,indispensable enterprises enterprises,indispensable enterprises,,,,verified,ai_detection,0,0,0,0.0,likely_tortured,0.99,2026-02-21T23:37:58.680437+00:00
9d360eee-e1c4-4f76-97dc-ef3ac57ee124,inertness and exactness,latency and accuracy,general,Computer Science,,verified,pps_obvious_2026_06_18,0,0,0,0.0,likely_tortured,0.99,2026-01-20T08:12:02.530908+00:00
1c61799c-eef1-4bc6-8cfe-513efb9135e2,infection recognizable proof,disease identification,general,General,,verified,pps_obvious_2026_06_18,0,0,0,0.0,likely_tortured,0.0,2026-01-20T08:12:00.501885+00:00
2e45ce35-6801-4699-ad1f-b6c75187cb44,info and yield,input and output,general,Computer Science,,verified,pps_obvious_2026_06_18,0,0,0,0.0,likely_tortured,0.0,2026-01-20T08:11:58.662706+00:00
d38295ea-24c5-45dd-9cd5-ee6be75a286b,info information,input data,general,Computer Science,,verified,pps_obvious_2026_06_18,0,0,0,0.0,likely_tortured,0.99,2026-01-20T08:11:58.334592+00:00
23a1c6b2-6ca3-4c4b-a6de-d755c6f744d6,informational collection,dataset,general,Computer Science,Data Science,verified,pps_obvious_2026_06_18,0,0,0,0.0,likely_tortured,0.99,2026-01-20T08:11:58.334592+00:00
77b1448b-5f35-45eb-a96b-0063742eb00d,informational index,dataset,general,General,,verified,pps_obvious_2026_06_18,0,0,0,0.0,likely_tortured,0.99,2026-01-20T08:11:58.334592+00:00
837710aa-c06a-4fff-884a-a15949ba5b7d,information and yield layers,input and output layers,general,Computer Science,Machine Learning,verified,pps_obvious_2026_06_18,0,0,0,0.0,likely_tortured,0.0,2026-01-20T08:12:00.055451+00:00
edb80a30-d7fd-41f7-842e-1962ca28c7d0,information base framework,database system,general,Computer Science,Database,verified,pps_obvious_2026_06_18,0,0,0,0.0,likely_tortured,0.0,2026-01-20T08:11:59.842122+00:00
56673790-77cf-4a80-a583-18608af8804a,information center based fluffy min-max neural system,Data-core-based fuzzy min-max neural network (DCFMN),general,Computer Science,Neural Networks,verified,pps_obvious_2026_06_18,0,0,0,0.0,likely_tortured,1.0,2026-01-20T08:12:02.530908+00:00
c75000f1-9401-460a-95ca-2a359c3d658c,information collection procedure,data collection process,general,Computer Science,Data Management,verified,pps_obvious_2026_06_18,0,0,0,0.0,likely_not_tortured,0.7,2026-01-20T08:11:58.606699+00:00
6ffe2be9-c3c1-4c40-9cfa-6a9947b584f3,information diggers,data miners,general,General,,verified,pps_obvious_2026_06_18,0,0,0,0.0,likely_tortured,0.95,2026-01-20T08:12:00.652036+00:00
d7d74d9e-92e4-4f05-8e35-6830806e5fab,information digging,data mining,general,Computer Science,Machine Learning,verified,pps_obvious_2026_06_18,0,0,0,0.0,likely_tortured,0.0,2026-01-20T08:11:58.606699+00:00
d1653e37-d8d4-4762-8343-ede17ab34751,information disclosure in databases,knowledge discovery in databases,general,Computer Science,Data Mining,verified,pps_obvious_2026_06_18,0,0,0,0.0,likely_tortured,1.0,2026-01-20T08:12:01.257942+00:00
995cb2eb-d646-477a-8333-1117d8c4ac45,information distribution center,data warehouse,general,General,,verified,pps_obvious_2026_06_18,0,0,0,0.0,likely_tortured,0.99,2026-01-20T08:11:58.722191+00:00
38e9f820-4808-4dda-9e60-b33d500f6739,information enlargement,data augmentation,general,Computer Science,Networking,verified,pps_obvious_2026_06_18,0,0,0,0.0,likely_tortured,0.99,2026-01-20T08:11:58.963885+00:00
d4d5e514-872b-4478-8554-6c923a2854f3,information entryway,input gate (a part of LSTM),general,General,,verified,pps_obvious_2026_06_18,0,0,0,0.0,likely_tortured,0.0,2026-01-20T08:12:00.501885+00:00
23b11a7d-dc6c-4f6a-8b76-3365af1ae828,information estimating,data monitoring,general,Computer Science,Machine Learning,verified,pps_obvious_2026_06_18,0,0,0,0.0,likely_tortured,0.99,2026-01-20T08:11:58.419514+00:00
b96b7804-3c79-427f-a51b-d4c0913516b8,information foci,data points,general,Computer Science,Data Analysis,verified,pps_obvious_2026_06_18,0,0,0,0.0,likely_tortured,0.99,2026-01-20T08:11:58.334592+00:00
f1d34955-a9d9-4ab1-bbd7-cc58894d96c4,information gushing,information overload,general,Physics,,verified,pps_obvious_2026_06_18,0,0,0,0.0,likely_tortured,0.99,2026-01-20T08:12:00.328837+00:00
5392a0ae-9d6c-4b47-a4b5-c833c7e68287,information lumberjack,data logger,general,Engineering,Diffusion,verified,pps_obvious_2026_06_18,0,0,0,0.0,likely_tortured,0.99,2026-01-20T08:12:00.501885+00:00
300e3b91-a2c2-4ad2-8cef-108626d0f1a8,information mining,data mining,general,General,,verified,pps_obvious_2026_06_18,0,0,0,0.0,likely_tortured,0.99,2026-01-20T08:11:58.334592+00:00
ed53c199-b5d3-4dbe-abbc-cb88c69025fb,information picture,input image,general,Engineering,Energy Efficiency,verified,pps_obvious_2026_06_18,0,0,0,0.0,likely_tortured,0.0,2026-01-20T08:11:58.334592+00:00
688e2ea8-099a-430f-a43c-5393ef221501,Information Procurement (DAQ),Data Acquisition (DAQ),general,General,,verified,pps_obvious_2026_06_18,0,0,0,0.0,likely_tortured,1.0,2026-01-20T08:12:02.211628+00:00
c1eb889c-b625-4449-be5a-09d22284061f,information recuperation,information retrieval,general,Computer Science,Information Retrieval,verified,pps_obvious_2026_06_18,0,0,0,0.0,likely_tortured,0.99,2026-01-20T08:11:59.023927+00:00
99cecc01-4c7e-4663-8fdc-0385a6f4368a,information respectability,Data integrity,general,Computer Science,Data Integrity,verified,pps_obvious_2026_06_18,0,0,0,0.0,likely_tortured,0.99,2026-01-20T08:11:58.898948+00:00
c0c848dd-8a8c-49d8-aec0-5d00a9dce6a2,information revelation in databases,knowledge discovery in databases,general,Computer Science,Data Mining,verified,pps_obvious_2026_06_18,0,0,0,0.0,likely_tortured,0.99,2026-01-20T08:12:01.694044+00:00
425a67b1-953f-43c3-aea3-68125aeb99fe,information robbery,data theft,general,General,,verified,pps_obvious_2026_06_18,0,0,0,0.0,likely_tortured,0.0,2026-01-20T08:11:59.245957+00:00
a7dc1cf0-e94c-4eca-84b3-e2dceb66a017,information stockpiling,data storage,general,General,,verified,pps_obvious_2026_06_18,0,0,0,0.0,likely_tortured,0.0,2026-01-20T08:11:58.477753+00:00
d8bf2fc1-b38a-446c-87ac-21969d094826,information stockroom,data warehouse,general,Computer Science,Data Management,verified,pps_obvious_2026_06_18,0,0,0,0.0,likely_tortured,0.99,2026-01-20T08:11:59.165415+00:00
828abe9c-23d7-41a5-931a-88a71b6a9490,information the executive,information management,general,General,,verified,pps_obvious_2026_06_18,0,0,0,0.0,likely_tortured,0.99,2026-01-20T08:11:58.538212+00:00
293cb91f-2164-4aa4-aa02-3b5d126488b9,informationtheoretic security,information-theoretic security,,Computer Science,Artificial Intelligence,verified,ai_detection,0,0,0,0.0,likely_tortured,0.99,2026-06-17T08:04:45.230786+00:00
83c75cb3-a724-4fb5-bed9-21fc9327f86b,injection assault,injection attack,general,Environmental Science,Pollution,verified,pps_obvious_2026_06_18,0,0,0,0.0,likely_tortured,0.99,2026-01-20T08:11:58.722191+00:00
817e21d6-e323-436a-865f-f5bcc17fd71f,innovation acknowledgment model,technology acceptance model (TAM),general,Chemistry,,verified,pps_obvious_2026_06_18,0,0,0,0.0,likely_tortured,0.0,2026-01-20T08:12:00.501885+00:00
d0b25580-71df-471a-ad43-d46f22685b4c,innovative teaching methods and material information (TPACK),Technological Pedagogical Content Knowledge (TPACK),general,Computer Science,,verified,pps_obvious_2026_06_18,0,0,0,0.0,likely_tortured,1.0,2026-01-20T08:12:03.387766+00:00
bfb3b865-9a1c-45f5-8fc1-52f07020ad70,"input, covered up and yield layers","input, hidden and output layers",general,General,,verified,pps_obvious_2026_06_18,0,0,0,0.0,likely_tortured,0.99,2026-01-20T08:12:01.142942+00:00
62c4447f-5c9a-4551-b1ed-e05ec7d2edf7,inquiry arrangement,query sequence,technical,,,verified,pps_obvious_2026_06_18,,,,,not_reviewed,,2026-06-19T09:14:30.298171+00:00
02149825-ae39-4544-940d-c8cfcff391ce,insatiable calculation,greedy algorithm,general,Computer Science,Algorithms,verified,pps_obvious_2026_06_18,0,0,0,0.0,likely_tortured,0.0,2026-01-20T08:12:00.971704+00:00
6514562e-19b8-4c25-90e8-69c3d8d031f1,insightful lattice,smart grid,general,Computer Science,,verified,pps_obvious_2026_06_18,0,0,0,0.0,likely_tortured,0.0,2026-01-20T08:12:02.037476+00:00
03cea4c3-3ddc-42fd-8600-4a32b55160fa,integrated abdicate,integrated loss,general,Computer Science,,verified,tortured_csv,0,0,0,0.0,likely_tortured,0.99,2026-01-20T08:12:02.473603+00:00
972d5695-6de6-4f6f-b548-067b69b22adb,integrity havioral trust,integrity behavioral trust,,,,verified,ai_detection,0,0,0,0.0,likely_tortured,0.99,2026-04-21T05:36:21.817883+00:00
f53794ff-df31-4934-9eec-7a2190202c6e,intermittent neural system,recurrent neural network,general,Computer Science,Information Technology,verified,pps_obvious_2026_06_18,0,0,0,0.0,likely_tortured,0.99,2026-01-20T08:11:59.540422+00:00
ce4c5c35-23de-4ac7-94a4-f610265fee76,Internet of Tings,Internet of Things,,Engineering,Mechanical,verified,ai_detection,0,0,0,0.0,likely_tortured,0.99,2026-05-22T13:10:07.684631+00:00
cecc8f1b-ecd4-4ff1-bf40-5ed39c1e5f95,interpretability calculation,explanation computation,general,Computer Science,Machine Learning,verified,pps_obvious_2026_06_18,0,0,0,0.0,likely_not_tortured,0.8,2026-01-20T08:12:00.182559+00:00
75e53ae7-c6c7-4eea-adaa-9704fc750404,intra and bury,intra and inter,general,Psychology,Emotional Processing,verified,tortured_csv,0,0,0,0.0,likely_tortured,0.99,2026-01-20T08:12:01.257942+00:00
b4a2c976-87ad-4f58-a1fa-eb88c4f96865,Irish Conservative Armed Force (IRA),Irish Republican Army (IRA),general,General,,verified,tortured_csv,0,0,0,0.0,likely_tortured,0.99,2026-01-20T08:12:03.573677+00:00
ac4e6b36-ab5d-42cc-a013-c79c1aa20f6d,irregular backwoods,random forest,general,General,,verified,pps_obvious_2026_06_18,0,0,0,0.0,likely_tortured,0.99,2026-01-20T08:11:58.898948+00:00
094d9bd0-1109-4ad2-9f4d-1bd8aff6789f,irregular choice woods,random decision forests,general,Computer Science,,verified,pps_obvious_2026_06_18,0,0,0,0.0,likely_tortured,0.0,2026-01-20T08:12:01.200878+00:00
e4f3b310-e368-4581-aa69-3a6616d76ca9,irregular clamor,random noise,general,General,,verified,pps_obvious_2026_06_18,0,0,0,0.0,likely_tortured,0.99,2026-01-20T08:12:00.120634+00:00
8f54f4c3-db57-4ae2-85b6-2a2ebbf266d0,irregular disappointment,random failure,general,General,,verified,pps_obvious_2026_06_18,0,0,0,0.0,likely_tortured,0.99,2026-01-20T08:12:01.316487+00:00
db1cefe7-e059-48fb-8050-2561b6154092,irregular esteem,random value,general,Mathematics,,verified,pps_obvious_2026_06_18,0,0,0,0.0,likely_tortured,0.99,2026-01-20T08:12:00.716324+00:00
515ca3c0-03b8-409c-a69e-0d7ef4233844,irregular forests (RF),random forests,general,General,,verified,pps_obvious_2026_06_18,0,0,0,0.0,likely_tortured,0.0,2026-01-20T08:12:01.316487+00:00
09979367-0681-49e7-a70e-a53df662182a,irregular get right of passage to,random access,general,General,,verified,pps_obvious_2026_06_18,0,0,0,0.0,likely_tortured,0.0,2026-01-20T08:12:02.596202+00:00
65529613-5f2b-4779-ac03-ebca9e1158d0,irregular hunt,random search,general,General,,verified,pps_obvious_2026_06_18,0,0,0,0.0,likely_tortured,0.99,2026-01-20T08:12:00.913838+00:00
8e19ae84-df84-46a2-9030-5a4bd62c36f5,irregular lush territory,random forest,general,Computer Science,Machine Learning,verified,pps_obvious_2026_06_18,0,0,0,0.0,likely_tortured,0.99,2026-01-20T08:12:03.003510+00:00
91b9bd4e-22e5-4832-98c4-db961a67e5f5,irregular maturing,random aging,general,Biology,Developmental Biology,verified,pps_obvious_2026_06_18,0,0,0,0.0,likely_tortured,0.99,2026-01-20T08:12:01.451973+00:00
e3603334-5868-4f9c-a17b-d88a21a25838,irregular number era,random number generation,general,Mathematics,,verified,pps_obvious_2026_06_18,0,0,0,0.0,likely_tortured,0.99,2026-01-20T08:12:03.387766+00:00
463b8510-730d-4619-9989-f1f9eb0bdba5,irregular number generator,random number generator,general,Medicine,,verified,pps_obvious_2026_06_18,0,0,0,0.0,likely_tortured,0.0,2026-01-20T08:12:00.251055+00:00
339112be-5d59-431d-880d-394abe9cf7ea,irregular over-testing model,Random Over-Sampling Examples (ROSE),general,Computer Science,Data Analysis,verified,pps_obvious_2026_06_18,0,0,0,0.0,likely_tortured,0.99,2026-01-20T08:12:03.329518+00:00
681b50af-71ee-4458-a561-f63e02f0c61a,irregular request,random order,general,General,,verified,pps_obvious_2026_06_18,0,0,0,0.0,likely_tortured,0.99,2026-01-20T08:11:58.898948+00:00
74a8f2ad-7325-40de-849d-a57fc3824323,irregular strolls,random walks,general,General,,verified,pps_obvious_2026_06_18,0,0,0,0.0,likely_tortured,0.99,2026-01-20T08:12:00.120634+00:00
d3f120fe-11d3-4ce9-a735-ec60ab3d5bdc,irregular timberland,random forest,general,General,Random Forest,verified,pps_obvious_2026_06_18,0,0,0,0.0,likely_tortured,0.99,2026-01-20T08:11:58.722191+00:00
9b37cf5a-eaf1-4589-a366-7c1d78b65767,irregular walk (RW),random walk (RW),general,Computer Science,Machine Learning,verified,pps_obvious_2026_06_18,0,0,0,0.0,likely_tortured,0.99,2026-01-20T08:12:02.417155+00:00
98243578-032b-4743-9c23-55df6a9821d0,irregular walks,random walks,general,Medicine,Rheumatology,verified,pps_obvious_2026_06_18,0,0,0,0.0,likely_tortured,0.99,2026-01-20T08:11:58.838622+00:00
34729dd1-7296-4831-bd64-6dc2226d1e6c,irregular woodland,random forest,general,Environmental Science,Statistics,verified,pps_obvious_2026_06_18,0,0,0,0.0,likely_tortured,0.0,2026-01-20T08:11:58.780182+00:00
630ca752-39b8-4aa7-85ce-e1c2e57cd3d9,irregular worth,random value,general,Mathematics,,verified,pps_obvious_2026_06_18,0,0,0,0.0,likely_tortured,0.0,2026-01-20T08:12:00.413699+00:00
acce8743-dce4-4689-9c92-4944d76c3ac8,item key point likeness,Object Keypoint Similarity (OKS),general,Computer Science,Computer Vision,verified,pps_obvious_2026_06_18,0,0,0,0.0,likely_tortured,0.99,2026-01-20T08:12:02.881616+00:00
a1649949-c4e8-436e-82d0-20269afa05c2,jargon move,vocabulary transfer,general,Medicine,,verified,pps_obvious_2026_06_18,0,0,0,0.0,likely_tortured,0.99,2026-01-20T08:12:00.802180+00:00
9b350210-a00e-4600-bbf3-6d61a18b41eb,Joined Countries High Official For Outcasts (UNHCR),United Nations High Commissioner For Refugees (UNHCR),general,Physics,,verified,tortured_csv,0,0,0,0.0,likely_tortured,0.99,2026-01-20T08:12:03.510000+00:00
9da24565-0301-4d17-b6d0-cb6dfce78070,jump movement regulator,Leap Motion controller,general,Computer Science,,verified,pps_obvious_2026_06_18,0,0,0,0.0,likely_tortured,0.0,2026-01-20T08:12:01.865548+00:00
cfc667b1-3204-4901-b9d1-3c619e81f83b,K-closest neighbors,K-nearest neighbors,general,General,,verified,pps_obvious_2026_06_18,0,0,0,0.0,likely_tortured,0.99,2026-01-20T08:11:58.334592+00:00
52e02d94-e4e6-404c-8738-3844e1d6efea,K-closest relatives,K-nearest neighbors,general,General,,verified,pps_obvious_2026_06_18,0,0,0,0.0,likely_tortured,0.0,2026-01-20T08:12:00.802180+00:00
9f6c0a82-6b5c-4529-89f6-b9b7c95bacc4,keen lattice,smart network,general,General,,verified,pps_obvious_2026_06_18,0,0,0,0.0,likely_tortured,0.0,2026-01-20T08:11:59.724741+00:00
15018b02-e847-4347-9dfd-ff0eb53a3911,keep up vector machine,support vector machine (SVM),general,General,,verified,pps_obvious_2026_06_18,0,0,0,0.0,likely_tortured,0.0,2026-01-20T08:12:01.865548+00:00
80c0297f-1f72-4089-996b-146e06af3dfe,key recurrence (F0),fundamental frequency (F0),general,General,,verified,pps_obvious_2026_06_18,0,0,0,0.0,likely_tortured,0.99,2026-01-20T08:12:02.153764+00:00
04ca8256-1ff7-4da9-ac89-1e97e9042cfb,kidney ailments,kidney disease,general,Medicine,Nephrology,verified,pps_obvious_2026_06_18,0,0,0,0.0,likely_not_tortured,0.8,2026-01-20T08:11:58.419514+00:00
924b9bfc-6bc5-4304-a80f-ef32bb8d8e9d,K-implies bunch calculation,K-means clustering algorithm,general,General,,verified,pps_obvious_2026_06_18,0,0,0,0.0,likely_tortured,0.99,2026-01-20T08:12:03.445369+00:00
d8c00ae5-592d-44fd-b4a1-53dda5beaea3,k-implies calculation,k-means algorithm,general,General,,verified,pps_obvious_2026_06_18,0,0,0,0.0,likely_tortured,0.99,2026-01-20T08:11:58.963885+00:00
f38e2ce1-2a8f-431f-9416-dff6fdd91375,kind I blunder,type I error,general,Mathematics,Error Analysis,verified,tortured_csv,0,0,0,0.0,likely_tortured,0.99,2026-01-20T08:12:03.135413+00:00
f39c6295-1e0b-4dee-a084-68ab80581a52,lactose bigotry,lactose intolerance,general,Mathematics,Statistics,verified,tortured_csv,0,0,0,0.0,likely_tortured,0.99,2026-01-20T08:12:01.451973+00:00
c1a07260-37d4-47a3-ade9-9e4d507b238c,lattice of covariance,covariance matrix,general,General,,verified,pps_obvious_2026_06_18,0,0,0,0.0,likely_tortured,0.0,2026-01-20T08:12:01.751819+00:00
bb34ed6d-043e-4b94-88b4-c72b302c6839,lengthy momentary lemory,long short-term memory (LSTM),general,Computer Science,Machine Learning,verified,tortured_csv,0,0,0,0.0,likely_tortured,0.99,2026-01-20T08:12:03.445369+00:00
9b0baea9-5490-43c7-83ff-a19908a2366c,leu ventricular contracBlity,left ventricular contractility,,,,verified,ai_detection,0,0,0,0.0,likely_tortured,0.99,2026-02-21T19:46:55.535659+00:00
23dcaeaf-b9c6-426e-a4d5-52177dd90a81,limit esteem,threshold value,general,Physics,Signal Processing,verified,pps_obvious_2026_06_18,0,0,0,0.0,likely_tortured,0.99,2026-01-20T08:11:58.606699+00:00
853a6c8e-de45-4ddb-9807-139ecee77823,limit layer,boundary layer,general,Psychology,,verified,pps_obvious_2026_06_18,0,0,0,0.0,likely_tortured,0.99,2026-01-20T08:11:58.419514+00:00
2b5efd22-c025-48d9-8cd8-701ba0471348,little bunch size,batch size (of training data),general,Computer Science,Machine Learning,verified,pps_obvious_2026_06_18,0,0,0,0.0,likely_tortured,0.0,2026-01-20T08:12:03.135413+00:00
2ef9d75a-0e93-4d07-afa7-b2ebee7097ae,liver ailments,liver disease,general,Medicine,Hepatology,verified,pps_obvious_2026_06_18,0,0,0,0.0,likely_not_tortured,0.8,2026-01-20T08:11:58.334592+00:00
c53b91d9-408a-4034-95ba-241c3de85c0b,Local Idea Move Program,Community Based Care Transition Program (US healthcare),general,Medicine,,verified,pps_obvious_2026_06_18,0,0,0,0.0,likely_tortured,1.0,2026-01-20T08:12:02.881616+00:00
b685037a-7a88-4ec2-986a-18327022008a,Location Goal Convention,Address Resolution Protocol (ARP) spoofing,general,Computer Science,,verified,tortured_csv,0,0,0,0.0,likely_tortured,0.99,2026-01-20T08:12:02.530908+00:00
ccf16827-add1-46ed-af4b-a98ab2dcce5f,log range of discourse,log spectrum of speech,general,General,,verified,pps_obvious_2026_06_18,0,0,0,0.0,likely_tortured,0.0,2026-01-20T08:12:03.271909+00:00
4b9bc10f-f348-4d86-a2fb-0c0edc0edc5b,long transitory memory (LSTM),long short-term memory (LSTM),general,Computer Science,Machine Learning,verified,tortured_csv,0,0,0,0.0,likely_tortured,0.99,2026-01-20T08:12:02.153764+00:00
48f7d0df-ff17-4589-a549-2b2678fb6df2,Lon-Term Short Memory,Long Short-Term Memory,,Medicine,,verified,ai_detection,0,0,0,0.0,likely_tortured,0.99,2026-06-06T21:23:51.607312+00:00
6b85168a-941c-40c3-9728-4e9bc0c55c88,lower unstable breaking point,Lower Explosive Limit (LEL),general,General,,verified,pps_obvious_2026_06_18,0,0,0,0.0,likely_tortured,0.0,2026-01-20T08:12:03.003510+00:00
de05e162-35ff-4931-a990-a585dd6a8549,lower unstable limit,Lower Explosive Limit (LEL),general,Biology,,verified,pps_obvious_2026_06_18,0,0,0,0.0,likely_tortured,0.99,2026-01-20T08:12:02.037476+00:00
ad42e8b5-2519-4062-8df2-bb6355f9fd6f,low fashion able deviation,low standard deviation,,Chemistry,,verified,ai_detection,0,0,0,0.0,likely_tortured,0.99,2026-04-28T05:29:59.951394+00:00
d77873ba-850c-47b0-9933-2ac0c99f406e,LSTM Neural organization,LSTM Neural Network,general,Computer Science,,verified,pps_obvious_2026_06_18,0,0,0,0.0,likely_tortured,0.99,2026-01-20T08:12:00.971704+00:00
f12c0895-411f-44ab-9d8e-e4ad2eb23a0c,Lyapnouv exponents,Lyapunov exponents,,Economics,,verified,ai_detection,0,0,0,0.0,likely_tortured,0.99,2026-04-30T11:01:49.269238+00:00
65864c38-81fb-4a98-bb2b-ec59e53001e0,machine gadgets get to control,mobile device access control,general,Computer Science,Machine Learning,verified,pps_obvious_2026_06_18,0,0,0,0.0,likely_tortured,0.0,2026-01-20T08:12:03.073626+00:00
a5ba54c2-e8a3-4a90-b41a-7ebea493cb64,machine gaining,machine learning,general,Computer Science,Machine Learning,verified,pps_obvious_2026_06_18,0,0,0,0.0,likely_tortured,0.99,2026-01-20T08:11:58.477753+00:00
dd2b4e00-1034-407a-aa42-0b4d34f104d2,machine gaining knowledge,machine learning,general,Computer Science,Machine Learning,verified,pps_obvious_2026_06_18,0,0,0,0.0,likely_tortured,0.95,2026-01-20T08:11:58.538212+00:00
d978b7b3-643b-48a5-bafb-d9252845564f,machine getting to know,machine learning,general,Computer Science,Machine Learning,verified,pps_obvious_2026_06_18,0,0,0,0.0,likely_tortured,0.99,2026-01-20T08:11:58.538212+00:00
a7baaee4-d50c-48a2-a8af-e46b7e4ae538,machine insight,Machine Learning (ML),general,Computer Science,Machine Learning,verified,pps_obvious_2026_06_18,0,0,0,0.0,likely_tortured,0.99,2026-01-20T08:11:58.538212+00:00
f04ef7bd-1072-4824-b88b-e27d4fb23c99,machine interpretation,machine translation,general,Computer Science,Machine Learning,verified,pps_obvious_2026_06_18,0,0,0,0.0,likely_tortured,0.99,2026-01-20T08:11:58.334592+00:00
26813ae1-2e94-4d22-9640-2505dccef296,Machine Mastering (ML),Machine Learning (ML),general,Chemistry,,verified,pps_obvious_2026_06_18,0,0,0,0.0,likely_tortured,0.0,2026-01-20T08:12:00.251055+00:00
359f681d-a15b-490e-98db-7ecf6f27ecb6,machine mastery,machine learning,general,Engineering,,verified,pps_obvious_2026_06_18,0,0,0,0.0,likely_tortured,0.0,2026-01-20T08:11:59.955433+00:00
21562b11-80a8-45a7-94e8-8c414bf52664,machine perusing,Machine Learning (ML),general,Computer Science,Machine Learning,verified,pps_obvious_2026_06_18,0,0,0,0.0,likely_tortured,0.0,2026-01-20T08:12:01.516317+00:00
a8eb559b-a526-4c36-97c7-1d9d0bbb2b5f,machine taking in,machine learning,general,General,,verified,pps_obvious_2026_06_18,0,0,0,0.0,likely_tortured,0.0,2026-01-20T08:11:59.309351+00:00
7bc18f7f-e01c-4db5-a986-2e5f4500c7d8,machine taking in methodologies,machine learning approaches,general,Computer Science,Machine Learning,verified,pps_obvious_2026_06_18,0,0,0,0.0,likely_tortured,0.99,2026-01-20T08:12:02.417155+00:00
90ac7da2-8dda-430d-bebf-b9bf358725ca,machine up to date knowupdated,machine learning,general,Computer Science,Machine Learning,verified,pps_obvious_2026_06_18,0,0,0,0.0,likely_tortured,1.0,2026-01-20T08:12:02.473603+00:00
dd15a075-6d92-4afc-9b15-cfa33b1a8e92,Made Bits of information,artificial intelligence,general,Medicine,Anatomy,verified,pps_obvious_2026_06_18,0,0,0,0.0,likely_tortured,0.99,2026-01-20T08:12:01.808668+00:00
d51fc6df-cceb-45b2-85bd-afe5f527f6a4,main element analysis (PCA),principal composent analysis (PCA),general,Computer Science,Natural Language Processing,verified,tortured_csv,0,0,0,0.0,likely_tortured,0.99,2026-01-20T08:12:01.637551+00:00
fdae9289-b677-43b8-86f7-3d1b9d2c6fce,maintain vector machine,support vector machine (SVM),general,Computer Science,Machine Learning,verified,pps_obvious_2026_06_18,0,0,0,0.0,likely_tortured,0.0,2026-01-20T08:12:01.637551+00:00
24305e09-60e7-4915-b64a-856983d2cb7e,malignancy chance,cancer risk,general,Physics,Nanotechnology,verified,pps_obvious_2026_06_18,0,0,0,0.0,likely_tortured,0.0,2026-01-20T08:11:58.963885+00:00
194ab03d-7c6d-4bf6-93d2-332898019388,malignancy finding,tumor detection,general,General,,verified,pps_obvious_2026_06_18,0,0,0,0.0,likely_tortured,0.99,2026-01-20T08:11:58.419514+00:00
55af62e7-e29c-437f-86c9-44311aaf0128,malignant assault,malicious attack,general,Computer Science,Cybersecurity,verified,pps_obvious_2026_06_18,0,0,0,0.0,likely_tortured,0.99,2026-01-20T08:11:59.540422+00:00
35b4805c-bd8c-44ed-8b2c-72c3c3a11614,malignant growth cell lines,cancer cell lines,general,Computer Science,Deep Learning,verified,pps_obvious_2026_06_18,0,0,0,0.0,likely_tortured,0.99,2026-01-20T08:11:59.379143+00:00
4dc13f27-257c-4fed-bea4-df2c1249aaaf,malignant hub,compromised node,general,Computer Science,Networking,verified,pps_obvious_2026_06_18,0,0,0,0.0,likely_tortured,0.99,2026-01-20T08:11:59.095666+00:00
ba8dda4c-c90c-4fd3-9b59-f8644446c6a8,malignant way of behaving,malicious behavior,general,General,,verified,pps_obvious_2026_06_18,0,0,0,0.0,likely_tortured,0.0,2026-01-20T08:12:01.865548+00:00
5e7cf49a-264c-4a6a-9c5c-c8c97e716b8f,malware assault,malware attack,general,Computer Science,Cybersecurity,verified,pps_obvious_2026_06_18,0,0,0,0.0,likely_not_tortured,0.8,2026-01-20T08:11:58.538212+00:00
b1e0fc71-7150-4cd8-8630-1381ed526e70,managed AI calculation,supervised learning algorithm,general,Economics,,verified,pps_obvious_2026_06_18,0,0,0,0.0,likely_tortured,0.0,2026-01-20T08:12:00.055451+00:00
b5787d94-0616-4ceb-a8bd-43c13acc6435,man in center assault,Man in The Middle Attack,general,Computer Science,Data Structures,verified,pps_obvious_2026_06_18,0,0,0,0.0,likely_tortured,0.99,2026-01-20T08:12:01.516317+00:00
849c02c8-cd5c-43bd-a520-4871d6d3c25a,man-in-the-middle assault,man-in-the-middle attack (MITM),general,Computer Science,Security,verified,pps_obvious_2026_06_18,0,0,0,0.0,likely_not_tortured,0.8,2026-01-20T08:11:58.662706+00:00
d22a16a2-80da-47ff-a62d-73e413ef3d43,man-in-the-middle (MitM) assault,man-in-the-middle (MitM),general,Computer Science,,verified,pps_obvious_2026_06_18,0,0,0,0.0,likely_not_tortured,0.9,2026-01-20T08:11:59.379143+00:00
36a8e376-bdb8-4e38-a048-9a2e832be4a6,manufactured discourse,synthesized speech,general,Mathematics,,verified,pps_obvious_2026_06_18,0,0,0,0.0,likely_not_tortured,0.8,2026-01-20T08:11:59.623196+00:00
bdfbaf93-8ab4-41eb-bd31-83fe3da4c4ad,manufactured neural system,Backpropagation Neural Network (BPNN),general,Physics,Quantum Mechanics,verified,pps_obvious_2026_06_18,0,0,0,0.0,likely_tortured,0.99,2026-01-20T08:11:59.379143+00:00
20613041-ce26-4740-9b80-2279884b261f,manufactured neural system nonlinear autoregressive,Backpropagation neural network Nonlinear Autoregressive (BPNN-NAR),general,Computer Science,Machine Learning,verified,pps_obvious_2026_06_18,0,0,0,0.0,likely_tortured,0.0,2026-01-20T08:12:03.387766+00:00
832deee2-d2a3-4211-9c2f-e9a4a80d04ab,massive measure of unstructured information,Large amounts of data,general,General,,verified,pps_obvious_2026_06_18,0,0,0,0.0,likely_tortured,0.99,2026-01-20T08:12:03.073626+00:00
1de211f5-ae19-404e-9427-825d037a4e1d,mastering behaviors,learning behaviors,general,Mathematics,,verified,pps_obvious_2026_06_18,0,0,0,0.0,likely_tortured,0.99,2026-01-20T08:11:59.309351+00:00
9f30fabe-88be-4b24-bab1-51f88489a631,mean normal exactness,Mean Average Precision (mAP),general,Computer Science,Machine Learning,verified,pps_obvious_2026_06_18,0,0,0,0.0,likely_tortured,0.0,2026-01-20T08:12:01.200878+00:00
91d9da39-cea8-425e-a50a-e3b160fb9ea4,mean square blunder,mean square error,general,Mathematics,,verified,tortured_csv,0,0,0,0.0,likely_tortured,0.99,2026-01-20T08:11:59.023927+00:00
364d20a1-4111-41a9-bfd2-a2cb3cef9f90,mean square goof,mean square error,general,Mathematics,Statistics,verified,tortured_csv,0,0,0,0.0,likely_tortured,0.99,2026-01-20T08:12:02.530908+00:00
3a6af72f-f6cd-4fc0-abcc-524cb13e57e6,mechanized recognizable proof,automatic identification,general,Engineering,Infrastructure,verified,pps_obvious_2026_06_18,0,0,0,0.0,likely_tortured,0.99,2026-01-20T08:12:01.921143+00:00
6dd4fccb-294b-4fc3-9c5e-4a461906cab8,meddlesome ductal carcinoma,Invasive Ductal Carcinoma (IDC),general,Computer Science,Machine Learning,verified,tortured_csv,0,0,0,0.0,likely_tortured,0.99,2026-01-20T08:12:03.073626+00:00
e5d2b407-e0bc-4da5-9aeb-28d3194a0464,medium get right of entry to control,media access control (MAC),general,Computer Science,Biometrics,verified,pps_obvious_2026_06_18,0,0,0,0.0,likely_tortured,0.99,2026-01-20T08:12:01.808668+00:00
f951bf36-3491-41d9-8995-bbbfd45b6f9e,Melody's hunt calculation,Song's search algorithm,general,General,,verified,pps_obvious_2026_06_18,0,0,0,0.0,likely_tortured,0.0,2026-01-20T08:12:03.510000+00:00
3cf448d9-814d-420e-915d-ce529c2074ae,Mel Recurrence Cepstral,Mel Frequency Cepstral,general,Computer Science,Signal Processing,verified,pps_obvious_2026_06_18,0,0,0,0.0,likely_tortured,0.99,2026-01-20T08:11:59.842122+00:00
402265e4-69eb-4066-b3a4-196f90299466,Mel Recurrence Cepstral Coefficients,Mel Frequency Cepstral Coefficients (MFCC),general,General,,verified,pps_obvious_2026_06_18,0,0,0,0.0,likely_tortured,0.99,2026-01-20T08:11:59.955433+00:00
6a64e6a5-ea47-4c83-b0bd-3f65701f06d9,Mel Recurrence Cepstrum,Mel Frequency Cepstrum,general,Computer Science,Machine Learning,verified,pps_obvious_2026_06_18,0,0,0,0.0,likely_tortured,1.0,2026-01-20T08:12:01.142942+00:00
754a61c5-5a71-430f-bfdd-0001317b25e5,Mel Recurrence Scale,Mel Frequency Scale,general,General,,verified,pps_obvious_2026_06_18,0,0,0,0.0,likely_tortured,0.0,2026-01-20T08:12:01.373988+00:00
a6759bc9-fc4c-46bc-8c52-b50e1bd6c65e,micturate informed decisions,make informed decisions,,Engineering,Electrical,verified,ai_detection,0,0,0,0.0,likely_tortured,0.99,2026-06-04T10:38:52.930093+00:00
48c878f5-820c-405c-baa9-c4714d42550b,micturate seasonable decisions,make timely decisions,,Engineering,Electrical,verified,ai_detection,0,0,0,0.0,likely_tortured,0.99,2026-06-04T10:38:52.930093+00:00
9e86839a-203f-4b1a-b4d5-9a5d92627ffb,mind PC Point of interaction,brain-computer interface (BCI),general,Computer Science,Security,verified,pps_obvious_2026_06_18,0,0,0,0.0,likely_tortured,0.0,2026-01-20T08:12:02.272374+00:00
ccbf0d4e-6428-4126-8727-f7c8ed8660a8,mind utilitarian attractive reverberation imaging,Functional magnetic resonance imaging (fMRI),general,Physics,Solid State,verified,tortured_csv,0,0,0,0.0,likely_tortured,0.99,2026-01-20T08:12:02.530908+00:00
d1b2d672-5efd-488a-b735-e45500d39517,mishap recognizable proof module,accident identification and alerting system,general,Mathematics,Transformations,verified,pps_obvious_2026_06_18,0,0,0,0.0,likely_tortured,0.0,2026-01-20T08:12:03.135413+00:00
3ec2ab80-1079-4a65-bd7f-800575eae2b1,mistake backpropagation calculation,error backpropagation algorithm,general,Computer Science,Machine Learning,verified,pps_obvious_2026_06_18,0,0,0,0.0,likely_tortured,0.99,2026-01-20T08:12:02.153764+00:00
f27c91b0-2ffa-4146-a24f-0fd75af659a9,MitM assault,MitM attack,general,Computer Science,Cybersecurity,verified,pps_obvious_2026_06_18,0,0,0,0.0,likely_tortured,0.99,2026-01-20T08:11:58.780182+00:00
71695859-0cff-4e11-9a83-56ea5f68c09d,mobile face net algorithm,facial recognition system,general,Computer Science,Machine Learning,verified,pps_obvious_2026_06_18,0,0,0,0.0,likely_tortured,0.0,2026-01-20T08:12:02.211628+00:00
dc67c642-a805-4830-a3cf-07015f4dcc10,model education phase,model training phase,general,General,,verified,pps_obvious_2026_06_18,0,0,0,0.0,likely_tortured,0.0,2026-01-20T08:12:02.272374+00:00
0bac2171-e0cf-469a-bfea-171f39219904,modiwiwireless,modifi,general,General,,verified,tortured_csv,0,0,0,0.0,likely_tortured,0.99,2026-01-20T08:12:01.978925+00:00
fa763d49-2979-488b-88f6-e6f97a82f05f,moo power,low power,general,General,,verified,tortured_csv,0,0,0,0.0,likely_tortured,0.99,2026-01-20T08:12:00.501885+00:00
43d92691-0b04-479b-97d9-adf221cd08b6,moo recurrence extend,low frequency range,general,Medicine,,verified,pps_obvious_2026_06_18,0,0,0,0.0,likely_tortured,0.0,2026-01-20T08:12:02.710910+00:00
b91e21a8-30e6-44c3-9ec4-ab1020ae7481,moo thickness lipoproteins,Low-density lipoprotein (LDL),general,General,,verified,tortured_csv,0,0,0,0.0,likely_tortured,1.0,2026-01-20T08:12:02.881616+00:00
c35d5dd4-a19a-4167-a661-7a3ae8b0eaa9,moo warm steadiness,low thermal stability,general,Engineering,,verified,tortured_csv,0,0,0,0.0,likely_tortured,0.99,2026-01-20T08:12:02.473603+00:00
8afc0ffb-2705-4f6e-89bc-9722d1cc9958,more noteworthy exactness,higher accuracy,general,Mathematics,Statistics,verified,pps_obvious_2026_06_18,0,0,0,0.0,likely_tortured,0.99,2026-01-20T08:11:59.842122+00:00
b46b7010-36e0-4e7a-8e75-bf9d4c1a6c34,more prominent exactness,higher accuracy,general,Economics,,verified,pps_obvious_2026_06_18,0,0,0,0.0,likely_tortured,0.99,2026-01-20T08:11:59.724741+00:00
a2d77cbe-eb86-48c8-8a1f-b99939ab656c,move lingual,cross-lingual,technical,,,verified,pps_obvious_2026_06_18,,,,,not_reviewed,,2026-06-19T09:14:30.298171+00:00
24cac6ed-e790-4295-8eb1-c0af41b52306,movement encryption key,group traffic encryption key (GTEK),general,Computer Science,Neural Networks,verified,pps_obvious_2026_06_18,0,0,0,0.0,likely_not_tortured,0.7,2026-01-20T08:12:01.694044+00:00
0d3ccd1a-36ff-4141-89f9-e67d208cf533,movement free survival,progression free survival,general,Medicine,,verified,pps_obvious_2026_06_18,0,0,0,0.0,likely_tortured,0.99,2026-01-20T08:12:01.751819+00:00
0727cc98-7281-405b-bb52-cf1f0497e711,movement function extraction,motion feature extraction,general,General,,verified,pps_obvious_2026_06_18,0,0,0,0.0,likely_tortured,0.99,2026-01-20T08:12:02.941195+00:00
48bafb1f-c0f3-43b6-a913-13f19b756a4c,movement remuneration,motion compensation,general,Computer Science,Machine Learning,verified,pps_obvious_2026_06_18,0,0,0,0.0,likely_tortured,0.99,2026-01-20T08:12:00.652036+00:00
d0013bc1-67e6-4d06-83d2-53ea8a6c4770,move popularity algorithm,gait recognition algorithm,general,Engineering,Acoustics,verified,pps_obvious_2026_06_18,0,0,0,0.0,likely_tortured,0.99,2026-01-20T08:12:02.473603+00:00
bf29621a-4ee8-4a97-b243-18e6a950da66,MTM assault,MITM attack,general,General,,verified,pps_obvious_2026_06_18,0,0,0,0.0,likely_tortured,0.99,2026-01-20T08:12:02.272374+00:00
f6d7d390-ed50-4269-93d1-91afb45f6070,MulB-State EEG CogniBve ClassiﬁcaBon,Multi-State EEG Cognitive Classification,,,,verified,ai_detection,0,0,0,0.0,likely_tortured,0.99,2026-02-21T19:46:55.535659+00:00
cee75d2f-cbad-4079-8375-1ac6504229f5,multilocus arrangement composing,multilocus sequence typing,general,Physics,,verified,pps_obvious_2026_06_18,0,0,0,0.0,likely_tortured,1.0,2026-01-20T08:12:02.037476+00:00
4145d69b-e64d-49a3-9d62-91ec65dac142,multi-moulded preparing,multiconditioned training,general,Computer Science,Machine Learning,verified,pps_obvious_2026_06_18,0,0,0,0.0,likely_tortured,0.99,2026-01-20T08:12:03.003510+00:00
b3d8d9c1-efa9-46e7-958a-2ff7f2b5b49e,multi-receiver discourse,multi-microphone speech,general,General,,verified,pps_obvious_2026_06_18,0,0,0,0.0,likely_tortured,0.99,2026-01-20T08:12:02.824766+00:00
8bbf7a4c-f2d0-46b9-a27b-7ed86e313eab,murder chain,kill chain,general,General,,verified,pps_obvious_2026_06_18,0,0,0,0.0,likely_tortured,0.99,2026-01-20T08:12:00.857236+00:00
d97508b6-d02b-4214-ae20-ea3c0aa1e92b,Naive mathematician,Naïve Bayes,general,Computer Science,Machine Learning,verified,tortured_csv,0,0,0,0.0,likely_tortured,0.99,2026-01-20T08:11:59.540422+00:00
57b55f2d-acef-4fb7-8ab0-20e6c366f26f,named information,labeled data,general,General,,verified,pps_obvious_2026_06_18,0,0,0,0.0,likely_tortured,0.0,2026-01-20T08:11:58.419514+00:00
d86ee711-75a0-4cb3-87f8-ba610d0f1263,named preparing information,labeled training data,general,Computer Science,Networking,verified,pps_obvious_2026_06_18,0,0,0,0.0,likely_tortured,0.99,2026-01-20T08:12:00.182559+00:00
942d00c2-c15e-4393-ab51-6ad257f1025f,named substance acknowledgment,named entity recognition,general,General,,verified,pps_obvious_2026_06_18,0,0,0,0.0,likely_tortured,0.0,2026-01-20T08:12:00.328837+00:00
3b57078a-3bf3-43d0-9c6d-1804d6da32f0,national roadway movement wellbeing organization,National Highway Traffic Safety Administration (NHTSA),general,General,,verified,pps_obvious_2026_06_18,0,0,0,0.0,likely_tortured,1.0,2026-01-20T08:12:02.473603+00:00
d69d790b-c11b-48ad-bf48-ced0294d4402,Navier-Stocks,Navier-Stokes,general,Engineering,,verified,tortured_csv,0,0,0,0.0,likely_tortured,0.99,2026-01-20T08:11:58.419514+00:00
e7640084-2522-4c8f-b1e7-954765f14f49,nearby twofold example,local binary pattern (LBP),general,Computer Science,Image Processing,verified,pps_obvious_2026_06_18,0,0,0,0.0,likely_tortured,0.0,2026-01-20T08:12:01.257942+00:00
9eab187e-073d-421c-8b8a-40683aaf9615,neighborhood twofold example,local binary pattern (LBP),general,Computer Science,Machine Learning,verified,pps_obvious_2026_06_18,0,0,0,0.0,likely_tortured,0.0,2026-01-20T08:12:01.142942+00:00
6bc7f626-8e09-4997-b8ff-74772b81641f,neighbourhood double example,local binary pattern (LBP),general,Computer Science,,verified,pps_obvious_2026_06_18,0,0,0,0.0,likely_tortured,0.0,2026-01-20T08:12:01.142942+00:00
188b0193-192d-42ce-bc15-77824e878c33,neighbourhood parallel example,local binary pattern (LBP),general,Computer Science,Image Processing,verified,pps_obvious_2026_06_18,0,0,0,0.0,likely_tortured,0.0,2026-01-20T08:12:01.028172+00:00
d82cb827-0e06-4542-bee9-6245a044958f,neighbouring parallel example,local binary pattern (LBP),general,General,,verified,pps_obvious_2026_06_18,0,0,0,0.0,likely_tortured,0.99,2026-01-20T08:12:03.135413+00:00
0a767dac-3b94-48fd-899e-133ad950c24d,net household item,Gross Domestic Product,general,Economics,,verified,pps_obvious_2026_06_18,0,0,0,0.0,likely_tortured,0.99,2026-01-20T08:12:00.802180+00:00
1e87ba85-fb4c-4592-8ff5-ea99248598c4,net of factors,Internet of Things (IoT),general,Computer Science,Internet of Things,verified,pps_obvious_2026_06_18,0,0,0,0.0,likely_tortured,0.0,2026-01-20T08:11:58.606699+00:00
9fc001cf-2785-4fc4-916f-bcc9dbadf4f3,net of factors (Iota),Internet of Things (IoT),general,General,,verified,pps_obvious_2026_06_18,0,0,0,0.0,likely_tortured,0.0,2026-01-20T08:12:00.413699+00:00
3100d6e8-88aa-4c16-a0cc-d85884a4b1c5,net of things,internet of things (IoT),general,Computer Science,Internet of Things,verified,pps_obvious_2026_06_18,0,0,0,0.0,likely_tortured,0.99,2026-01-20T08:11:58.419514+00:00
67176be3-9eea-4d9a-9265-b47bcce3840a,net resource esteem,net asset value (NAV),general,Computer Science,Machine Learning,verified,pps_obvious_2026_06_18,0,0,0,0.0,likely_tortured,0.99,2026-01-20T08:12:02.361211+00:00
ad60ba5f-099c-4f27-92e3-3adb74c30f96,net up to date,internet of things (IoT),general,Computer Science,Internet of Things,verified,pps_obvious_2026_06_18,0,0,0,0.0,likely_tortured,1.0,2026-01-20T08:12:00.413699+00:00
f46394a4-92ba-4fac-8765-7f0f9004dc5b,net up to daters,internet of things (IoT),general,Computer Science,Internet of Things,verified,pps_obvious_2026_06_18,0,0,0,0.0,likely_tortured,0.99,2026-01-20T08:12:01.978925+00:00
cb4fe366-d901-4695-81aa-33ee564ee305,neural arrange,neural network,general,Computer Science,Decision Support,verified,pps_obvious_2026_06_18,0,0,0,0.0,likely_tortured,0.99,2026-01-20T08:11:58.722191+00:00
746eda10-cc31-4d41-aec5-dda1584a8fdb,neural convolution organization,convolutional neural network,general,Biology,,verified,pps_obvious_2026_06_18,0,0,0,0.0,likely_tortured,0.99,2026-01-20T08:12:01.921143+00:00
60593336-87f0-45a7-a595-bd67de557f08,neural feed-forward system (FFNN),feed-forward neural network (FFNN),general,General,,verified,pps_obvious_2026_06_18,0,0,0,0.0,likely_not_tortured,0.8,2026-01-20T08:12:02.596202+00:00
fba241bf-e1a2-4b0a-aec7-a7e0b12e5ade,neural network recovery,recurrent neural network (RNN),general,General,,verified,pps_obvious_2026_06_18,0,0,0,0.0,likely_tortured,0.0,2026-01-20T08:11:59.095666+00:00
9cc41d1a-cc79-4093-8a60-19fd8936bec8,neural organization,neural network,general,Biology,Anatomy,verified,pps_obvious_2026_06_18,0,0,0,0.0,likely_tortured,0.99,2026-01-20T08:11:58.334592+00:00
da52dc1b-1697-462d-a634-293e332caefd,neural organize,neural network,general,Computer Science,Neural Networks,verified,pps_obvious_2026_06_18,0,0,0,0.0,likely_tortured,0.99,2026-01-20T08:11:58.722191+00:00
c9005f1a-67a7-46b7-89c3-2addc1aaee57,neural union instead,neural network,general,Computer Science,Neural Networks,verified,pps_obvious_2026_06_18,0,0,0,0.0,likely_tortured,0.99,2026-01-20T08:12:03.510000+00:00
e96e9c17-69ec-4add-a48f-cf1684be3616,neuron yield,neuron output,general,Biology,,verified,pps_obvious_2026_06_18,0,0,0,0.0,likely_tortured,0.99,2026-01-20T08:11:58.419514+00:00
35c88dfc-4301-4db5-8d56-9acc1b9269d7,neutral neural network (CNN),convolutional neural network (CNN),general,Computer Science,Neural Networks,verified,pps_obvious_2026_06_18,0,0,0,0.0,likely_tortured,0.0,2026-01-20T08:12:01.978925+00:00
edb019f0-014b-4148-850d-2780c7bf8bb8,newborn child demise,(sudden) infant death syndrome (SIDS),general,Engineering,Structural Engineering,verified,tortured_csv,0,0,0,0.0,likely_tortured,0.99,2026-01-20T08:12:01.694044+00:00
e80469ed-5839-4a1c-a6b1-99c522837b66,non straight,nonlinear,technical,,,verified,pps_obvious_2026_06_18,,,,,not_reviewed,,2026-06-19T09:14:30.298171+00:00
c68f8fd7-7f79-483e-b4c5-c41b0d4296f9,no quick oral test,nonimmediate oral challenge,general,General,,verified,pps_obvious_2026_06_18,0,0,0,0.0,likely_tortured,0.0,2026-01-20T08:12:02.824766+00:00
3ddb27ff-c8d1-44dd-963a-d0555ca79ca5,normal language preparing,natural language processing,general,Computer Science,Natural Language Processing,verified,pps_obvious_2026_06_18,0,0,0,0.0,likely_tortured,0.0,2026-01-20T08:11:59.842122+00:00
5e1c9ca3-11b9-4a7a-ba36-3f0eba76eb92,Normal Rural Arrangement (CAP),Common Agricultural Policy (CAP),general,Economics,Agricultural Policy,verified,pps_obvious_2026_06_18,0,0,0,0.0,likely_tortured,0.0,2026-01-20T08:12:03.510000+00:00
38f90de2-d5cc-44fd-b34c-2538d3ffd379,nourishing a fixed arrangement,feeding a fixed arrangement,general,Biology,Ecology,verified,pps_obvious_2026_06_18,0,0,0,0.0,likely_tortured,0.99,2026-01-20T08:12:03.003510+00:00
9824c2af-567b-4858-bdb6-8b7cb9b939bc,numerous information various result,multiple input multiple output (MIMO),general,Computer Science,Machine Learning,verified,pps_obvious_2026_06_18,0,0,0,0.0,likely_tortured,0.99,2026-01-20T08:12:02.272374+00:00
4415548a-3fb7-47f6-ba38-093ba8800077,object acknowledgement and finding,object recognition and tracking,general,General,,verified,pps_obvious_2026_06_18,0,0,0,0.0,likely_tortured,0.99,2026-01-20T08:12:03.573677+00:00
73043381-5f60-4ead-abb3-10cb58b1c80e,object acknowledgment and finding,object recognition and tracking,general,General,,verified,pps_obvious_2026_06_18,0,0,0,0.0,likely_tortured,0.99,2026-01-20T08:12:03.573677+00:00
7bdd0f25-48a9-459c-9f52-f76839b283cd,object based arrangement,object-based classification,general,General,,verified,pps_obvious_2026_06_18,0,0,0,0.0,likely_tortured,0.99,2026-01-20T08:12:01.316487+00:00
7e3244f8-eb0f-4b75-9749-6b729d9f3128,oblivious blind,blind (visually impaired),general,Psychology,,verified,tortured_csv,0,0,0,0.0,likely_tortured,0.99,2026-01-20T08:11:58.419514+00:00
f85184f3-1ea4-4e80-9a31-8b4c00dc549f,off eras or to f antidote,offer a sort of antidote,general,General,,verified,tortured_csv,0,0,0,0.0,likely_tortured,0.99,2026-01-20T08:12:03.510000+00:00
ec85145a-b5da-46c2-b300-6c7d8a349650,okay nearest pal,k-nearest neighbour,general,Environmental Science,,verified,tortured_csv,0,0,0,0.0,likely_tortured,0.99,2026-01-20T08:12:01.865548+00:00
477b536d-88fc-4629-924a-b5acd4fbf63d,ok-wrinkle cross-endorsement,k-fold cross-validation,general,Computer Science,,verified,tortured_csv,0,0,0,0.0,likely_tortured,0.99,2026-01-20T08:12:03.135413+00:00
92b9e455-c01e-40e5-82d1-2801b0d415f5,ongoing neural network,recurrent neural network,general,Computer Science,Natural Language Processing,verified,pps_obvious_2026_06_18,0,0,0,0.0,likely_tortured,0.99,2026-01-20T08:12:00.182559+00:00
5d78167a-8bbf-4e90-993e-61e158b0c9e0,online protection arrangement,cybersecurity solution,general,Computer Science,Cybersecurity,verified,pps_obvious_2026_06_18,0,0,0,0.0,likely_tortured,0.0,2026-01-20T08:12:01.200878+00:00
e258f600-60be-4c12-b490-0e0e942f5e33,opBmal Machining CondiBons,optimal machining conditions,,,,verified,ai_detection,0,0,0,0.0,likely_tortured,0.99,2026-02-21T19:46:55.535659+00:00
303e9e54-b49a-41c8-8200-12090444ac6c,optical band crevice,optical band gap,general,Medicine,,verified,pps_obvious_2026_06_18,0,0,0,0.0,likely_tortured,0.99,2026-01-20T08:12:01.865548+00:00
83eb797e-054b-469b-a54a-1c577879a9b0,optical character acknowledgement,Optical Character Recognition (OCR),general,Physics,,verified,pps_obvious_2026_06_18,0,0,0,0.0,likely_tortured,0.0,2026-01-20T08:12:01.637551+00:00
47606991-04b0-4678-83e6-9c4142fe8b79,optical character acknowledgment,Optical Character Recognition (OCR),general,Computer Science,,verified,pps_obvious_2026_06_18,0,0,0,0.0,likely_tortured,0.0,2026-01-20T08:11:59.379143+00:00
568def1b-6d03-4678-96a3-b1c8c3d124df,optical individual confession,optical character recognition (OCR),general,Computer Science,Optical Recognition,verified,pps_obvious_2026_06_18,0,0,0,0.0,likely_tortured,0.99,2026-01-20T08:12:03.387766+00:00
e8cdcae2-3a99-43e3-b8ac-62aff129f821,optical patrimony,optical properties,general,Physics,Optics,verified,pps_obvious_2026_06_18,0,0,0,0.0,likely_tortured,0.99,2026-01-20T08:12:02.768871+00:00
3e09ed0e-c1ec-4770-99cd-9a2f3259c8c0,optical pellucidity,optical transparency,general,General,,verified,pps_obvious_2026_06_18,0,0,0,0.0,likely_tortured,0.99,2026-01-20T08:12:00.857236+00:00
5264ab58-b641-4600-9b03-8b6381769242,optical person,optical character recognition (OCR),general,Computer Science,Machine Learning,verified,pps_obvious_2026_06_18,0,0,0,0.0,likely_tortured,0.99,2026-01-20T08:11:59.309351+00:00
ea84cadf-2728-476f-b53c-748ae5857d78,optical rationality tomorrow,optical coherence tomography,general,Biology,Genetics,verified,pps_obvious_2026_06_18,0,0,0,0.0,likely_tortured,0.99,2026-01-20T08:12:02.211628+00:00
545971ff-b00a-4d4a-935c-865f7e582575,optical reasonability tomtate,optical coherence tomography,general,Medicine,Imaging,verified,pps_obvious_2026_06_18,0,0,0,0.0,likely_tortured,1.0,2026-01-20T08:12:02.941195+00:00
3313fcfe-62e8-490e-928f-2ea2d83cdccf,optical stream,optical flow,general,Computer Science,Neural Networks,verified,pps_obvious_2026_06_18,0,0,0,0.0,likely_tortured,0.99,2026-01-20T08:11:58.419514+00:00
81ce2cd0-5897-4ac4-b70e-3217012bb5a4,optical waft estimation,optical flow estimation,general,General,,verified,pps_obvious_2026_06_18,0,0,0,0.0,likely_tortured,0.99,2026-01-20T08:12:02.097164+00:00
a99e50fa-428f-474f-aaab-8bbc18758b89,oral tract,vocal tract,general,Biology,Anatomy,verified,pps_obvious_2026_06_18,0,0,0,0.0,likely_tortured,0.99,2026-01-20T08:11:58.419514+00:00
cdc3ed5e-30cf-46f6-aeea-12ed7c007b03,ordinar diﬀerential equations,ordinary differential equations,,,,verified,ai_detection,0,0,0,0.0,likely_tortured,0.99,2026-02-12T16:57:47.648699+00:00
60f0f20a-73df-4a3a-8e1b-7c05b14c24ab,organization assault,network attack,general,Computer Science,Network Security,verified,pps_obvious_2026_06_18,0,0,0,0.0,likely_tortured,0.99,2026-01-20T08:11:59.623196+00:00
899ef0a9-0107-43f7-9eea-3f83cdce37c2,organization technique of information managing,Group Method of Data Handling,general,Computer Science,Data Management,verified,pps_obvious_2026_06_18,0,0,0,0.0,likely_tortured,0.0,2026-01-20T08:12:03.329518+00:00
fd4d1600-03cd-4981-85d9-b72c806f8420,organized layer assault,network-layer attack,general,Medicine,Dentistry,verified,pps_obvious_2026_06_18,0,0,0,0.0,likely_tortured,0.99,2026-01-20T08:12:02.596202+00:00
525d7e29-8cba-4d87-ac54-a92411fe68de,otherworldly edge recurrence,spectral edge frequency (SEF),general,Computer Science,,verified,pps_obvious_2026_06_18,0,0,0,0.0,likely_tortured,0.0,2026-01-20T08:12:03.135413+00:00
b82483f9-ff95-4c55-9783-cb4a82a03a22,outward appearance acknowledgement,face recognition,general,General,,verified,pps_obvious_2026_06_18,0,0,0,0.0,likely_tortured,1.0,2026-01-20T08:12:01.694044+00:00
093329d3-d9bb-43b0-9b37-212bfc173959,outward appearance acknowledgment,face recognition,general,Computer Science,Computer Vision,verified,pps_obvious_2026_06_18,0,0,0,0.0,likely_tortured,0.99,2026-01-20T08:11:59.842122+00:00
dae2f7e9-c481-447b-8fc5-76b91627789d,Ox-like Spongiform Encephalitis (BSE),Bovine Spongiform Encephalitis (BSE),general,Computer Science,,verified,tortured_csv,0,0,0,0.0,likely_tortured,0.99,2026-01-20T08:12:03.445369+00:00
b2436202-8278-4bc2-acf0-963779d6b989,PAM arrangement,PAM sequence,general,Biology,Genetics,verified,pps_obvious_2026_06_18,0,0,0,0.0,likely_tortured,0.0,2026-01-20T08:12:00.328837+00:00
660be7ee-6525-4e15-b693-8cbde845dbb4,Panama City control stack database,Panama Electricity Load Forecastingc,general,General,,verified,pps_obvious_2026_06_18,0,0,0,0.0,likely_tortured,1.0,2026-01-20T08:12:02.530908+00:00
3ed9ea7e-0d03-4a1d-950d-f8a7810eb91f,parallel choice trees,binary decision trees,general,Computer Science,Machine Learning,verified,pps_obvious_2026_06_18,0,0,0,0.0,likely_tortured,0.99,2026-01-20T08:12:01.865548+00:00
ba85ed83-5061-4f37-97d9-d5d5f38ff765,parallel correspondence calculation,parallel computing/processing,general,Biology,Machine Learning,verified,pps_obvious_2026_06_18,0,0,0,0.0,likely_tortured,0.0,2026-01-20T08:12:02.710910+00:00
1e261133-7fd9-47e8-b225-edfa4f59509b,parallel stage move keying,binary phase shift keying,general,Computer Science,Signal Processing,verified,pps_obvious_2026_06_18,0,0,0,0.0,likely_tortured,0.99,2026-01-20T08:12:02.530908+00:00
de1bcef7-8dc9-4a80-91f9-5342cf3b991c,parody assault,spoofing attack,general,General,,verified,pps_obvious_2026_06_18,0,0,0,0.0,likely_tortured,0.0,2026-01-20T08:12:00.716324+00:00
66308da8-634d-4047-9359-490faa635464,particle bar faltering testimony,Ion Beam Sputtering Deposition,general,General,,verified,tortured_csv,0,0,0,0.0,likely_tortured,0.99,2026-01-20T08:12:03.271909+00:00
f811946b-b871-4c54-b936-ff0cb737c346,part of discourse (POS),part of speech (POS),general,Computer Science,Natural Language Processing,verified,pps_obvious_2026_06_18,0,0,0,0.0,likely_tortured,0.0,2026-01-20T08:12:01.865548+00:00
52feb64d-4b26-4dfb-8abe-53418384e503,password assault,password attack,general,Computer Science,,verified,pps_obvious_2026_06_18,0,0,0,0.0,likely_tortured,0.99,2026-01-20T08:11:59.955433+00:00
6d3fd671-b4f2-4627-993d-eebc1da6f82c,Pc Helped Quality Control (CAQ),Computer Aided Quality Control (CAQ),general,Mathematics,Validation,verified,pps_obvious_2026_06_18,0,0,0,0.0,likely_tortured,0.0,2026-01-20T08:12:03.510000+00:00
672f5607-5e4a-47d5-ad9c-645d077a990e,peevish entrails condition,irritable bowels syndrome,general,Medicine,,verified,tortured_csv,0,0,0,0.0,likely_tortured,0.99,2026-01-20T08:12:02.272374+00:00
72033cd4-d025-44ce-b518-795788691655,penmanship acknowledgement,handwriting acknowledgement,general,Computer Science,Machine Learning,verified,pps_obvious_2026_06_18,0,0,0,0.0,likely_tortured,0.0,2026-01-20T08:12:01.373988+00:00
8602efe2-e12e-478b-8fe0-d1ef6da85741,penmanship acknowledgment,handwriting acknowledgement,general,Computer Science,Handwriting Recognition,verified,pps_obvious_2026_06_18,0,0,0,0.0,likely_tortured,0.99,2026-01-20T08:11:59.540422+00:00
d53fe34b-dddf-46d0-b743-ed3594aa620c,peroxidative movement,peroxidative activity,general,Computer Science,Statistics,verified,pps_obvious_2026_06_18,0,0,0,0.0,likely_tortured,0.0,2026-01-20T08:12:02.417155+00:00
ac40bb18-f27b-4a1f-ba3c-5fd15126608b,perplexity lattice,confusion matrix,general,General,,verified,pps_obvious_2026_06_18,0,0,0,0.0,likely_tortured,0.99,2026-01-20T08:12:00.182559+00:00
0228a32f-2809-472a-9312-d621a4b53ade,p esteem,p value,general,Mathematics,,verified,tortured_csv,0,0,0,0.0,likely_tortured,0.99,2026-01-20T08:11:58.606699+00:00
581c7799-5fc1-4ff9-9ddf-93b4afce05c3,phishing acknowledgement,phishing recognition,general,Engineering,Signal Processing,verified,pps_obvious_2026_06_18,0,0,0,0.0,likely_tortured,0.0,2026-01-20T08:12:02.037476+00:00
734e3b67-2c3b-48f8-9706-4f2ddad84549,phishing acknowledgment,phishing recognition,general,General,,verified,pps_obvious_2026_06_18,0,0,0,0.0,likely_not_tortured,0.7,2026-01-20T08:12:00.857236+00:00
f879a299-c4be-4c1a-ac43-b8b5972b46ef,phishing assault,phishing attack,general,Computer Science,Cybersecurity,verified,pps_obvious_2026_06_18,0,0,0,0.0,likely_tortured,0.99,2026-01-20T08:11:58.477753+00:00
9517906f-7bde-4bdd-9444-115ecaa906d0,phishing site acknowledgement,phishing site recognition,general,Computer Science,Cybersecurity,verified,pps_obvious_2026_06_18,0,0,0,0.0,likely_tortured,0.99,2026-01-20T08:12:02.361211+00:00
6977c21b-9c5c-4eea-be96-a42f83a5daa5,phishing site acknowledgment,phishing site recognition,general,General,,verified,pps_obvious_2026_06_18,0,0,0,0.0,likely_tortured,0.99,2026-01-20T08:12:01.978925+00:00
84bcae1d-57ad-4404-99b3-3bd95eb99cd5,phishing spots,phishing (web)sites,general,Economics,,verified,pps_obvious_2026_06_18,0,0,0,0.0,likely_tortured,0.0,2026-01-20T08:12:01.316487+00:00
9afbc6fa-98af-46bb-af8b-9d40ba069786,phony neural affiliation,artificial neural network,general,Computer Science,Artificial Intelligence,verified,pps_obvious_2026_06_18,0,0,0,0.0,likely_tortured,0.0,2026-01-20T08:12:01.751819+00:00
bdd80ba9-516e-4c0a-ac5c-676f1411c8cf,picked plaintext assault,chosen plaintext attack (a cryptanalysis attack),general,Computer Science,Cryptography,verified,pps_obvious_2026_06_18,0,0,0,0.0,likely_tortured,1.0,2026-01-20T08:12:00.579459+00:00
3cbca2d3-40e1-42af-ad9e-e61bd36a47f2,picture and discourse examination,image and speech processing,general,Computer Science,Image Processing,verified,pps_obvious_2026_06_18,0,0,0,0.0,likely_tortured,0.99,2026-01-20T08:12:03.329518+00:00
3870d632-bab8-4de8-9cf5-7a6d3a609062,picture handling calculation,image processing algorithm,general,Physics,Signal Processing,verified,pps_obvious_2026_06_18,0,0,0,0.0,likely_tortured,0.0,2026-01-20T08:11:59.309351+00:00
33fabe7c-9d5d-4949-9de2-c986337ba9b3,picture preparing,image processing,general,Computer Science,Machine Learning,verified,pps_obvious_2026_06_18,0,0,0,0.0,likely_tortured,0.0,2026-01-20T08:11:58.419514+00:00
45d74d2d-c9f1-45db-abd5-41fb859d8eb1,pinnacle recurrence,peak frequency,general,Physics,Wave Mechanics,verified,pps_obvious_2026_06_18,0,0,0,0.0,likely_tortured,0.99,2026-01-20T08:12:01.373988+00:00
201139a3-6033-486d-94c4-0be54a50c08c,"pitch, recurrence, and time","pitch, frequency, and time",general,Biology,,verified,pps_obvious_2026_06_18,0,0,0,0.0,likely_not_tortured,0.8,2026-01-20T08:12:03.135413+00:00
1f7e0ac8-c0c3-480f-befe-d4cb571960c6,place-primarily based convolutional neural community,Region Based Convolutional Neural Network (R-CNN),general,Computer Science,Computer Vision,verified,pps_obvious_2026_06_18,0,0,0,0.0,likely_tortured,0.0,2026-01-20T08:12:02.710910+00:00
1ec670a0-c1de-4f4e-b623-8a240f3b048e,planning get ready,training process,general,Physics,Thermodynamics,verified,tortured_csv,0,0,0,0.0,likely_tortured,0.99,2026-01-20T08:12:01.373988+00:00
c6f05d74-54b4-455b-a3b0-58f0394d8754,plant ailments,plant disease,general,Chemistry,,verified,pps_obvious_2026_06_18,0,0,0,0.0,likely_not_tortured,0.8,2026-01-20T08:11:58.477753+00:00
f6ed024a-b59f-4631-8be3-786aa09dda84,plant distinguishing proof,plant identification,general,Biology,Botany,verified,pps_obvious_2026_06_18,0,0,0,0.0,likely_tortured,0.99,2026-01-20T08:12:00.716324+00:00
c47ba411-c5a6-4eae-9546-633e5b2e50e4,point birth,feature extraction,general,Computer Science,Machine Learning,verified,pps_obvious_2026_06_18,0,0,0,0.0,likely_tortured,0.99,2026-01-20T08:11:58.419514+00:00
3ad10c7d-e769-489c-8536-8cfb7f1aa589,point birth style,feature extraction method,general,Computer Science,Feature Extraction,verified,pps_obvious_2026_06_18,0,0,0,0.0,likely_tortured,0.99,2026-01-20T08:12:01.028172+00:00
187e127e-4ea5-48e4-960e-023c37f20abf,pollution aura,pollution halo,general,Mathematics,Geometry,verified,pps_obvious_2026_06_18,0,0,0,0.0,likely_tortured,0.99,2026-01-20T08:12:00.182559+00:00
9bd075ca-d4f8-4388-88f3-7d26976e8ff4,Pollution Harbor Hypothesis,Pollution Haven Hypothesis,general,Computer Science,Security,verified,pps_obvious_2026_06_18,0,0,0,0.0,likely_tortured,0.0,2026-01-20T08:12:01.751819+00:00
db7186b8-e01d-4a70-b60f-c13441de063f,pollution heaven,pollution haven,general,Chemistry,,verified,pps_obvious_2026_06_18,1,1,0,1.0,likely_tortured,0.99,2026-01-20T08:11:58.419514+00:00
93c8c799-53c1-4863-8af6-42b3b23024ef,pollution hollow,pollution halo,general,Environmental Science,,verified,pps_obvious_2026_06_18,0,0,0,0.0,likely_tortured,0.0,2026-01-20T08:12:01.085511+00:00
ec41afb2-daad-432e-926a-a5e9f7dbf7ad,polymerase chain response,polymerase chain reaction,general,Biology,,verified,pps_obvious_2026_06_18,0,0,0,0.0,likely_tortured,0.99,2026-01-20T08:11:58.780182+00:00
bec58654-c30c-4db5-a19e-05b1e50924da,populace hereditary,population genetic,general,Biology,Genetics,verified,pps_obvious_2026_06_18,0,0,0,0.0,likely_tortured,0.0,2026-01-20T08:12:00.501885+00:00
51ef690e-42b1-4e1b-8384-52235324d238,port scan assault,port scan attack,general,General,,verified,pps_obvious_2026_06_18,0,0,0,0.0,likely_tortured,0.0,2026-01-20T08:12:01.316487+00:00
ad753a6d-9b99-4995-a01d-74c1f1f6d783,position-particular scoring lattice,position-specific scoring matrix (PSSM),general,Mathematics,,verified,pps_obvious_2026_06_18,0,0,0,0.0,likely_tortured,0.0,2026-01-20T08:12:03.073626+00:00
441ec317-286f-40fa-966f-a61915b60c00,positron emanation tomography,positron emission tomography,general,General,,verified,tortured_csv,0,0,0,0.0,likely_tortured,0.99,2026-01-20T08:12:00.251055+00:00
1d882de7-2ffe-4085-85c5-de702f6e94b0,Post-awful PTSD,Post-Traumatic Stress Disorder (PTSD),general,Medicine,,verified,tortured_csv,0,0,0,0.0,likely_tortured,0.99,2026-01-20T08:12:01.921143+00:00
979c94f5-ee28-4578-9fb4-e07ae547e6b3,PotenBal of ArBﬁcial Intelligence,Potential of Artificial Intelligence,,,,verified,ai_detection,0,0,0,0.0,likely_tortured,0.99,2026-02-21T19:46:55.535659+00:00
e660228d-67f3-456a-a64c-ca4aa19339c6,precision and keep in mind,Precision and recall,general,Mathematics,,verified,tortured_csv,0,0,0,0.0,likely_tortured,0.99,2026-01-20T08:12:00.182559+00:00
568098b9-2711-4a18-80e1-dbaa4a806326,pre-handled information,pre-processed data,general,Computer Science,Data Processing,verified,pps_obvious_2026_06_18,0,0,0,0.0,likely_tortured,0.0,2026-01-20T08:12:00.328837+00:00
ae1669a3-967c-40a4-92e5-5ae198525757,preparation and approval sets,training and testing sets,general,Computer Science,Machine Learning,verified,pps_obvious_2026_06_18,0,0,0,0.0,likely_tortured,0.0,2026-01-20T08:12:00.857236+00:00
eec9df46-e4e1-4874-8df6-29e83c34413e,preparation and testing information,training and testing data,general,Computer Science,Data Science,verified,pps_obvious_2026_06_18,0,0,0,0.0,likely_not_tortured,0.7,2026-01-20T08:12:00.579459+00:00
601b5e77-17ca-47e3-a927-e3c92fe6d970,preparation arrangement,training set,general,Computer Science,Neural Networks,verified,pps_obvious_2026_06_18,0,0,0,0.0,likely_tortured,0.99,2026-01-20T08:11:58.662706+00:00
09b30581-7eff-4715-8a82-122993c41249,preparation dataset,training dataset,general,Computer Science,Machine Learning,verified,pps_obvious_2026_06_18,0,0,0,0.0,likely_tortured,0.99,2026-01-20T08:11:58.419514+00:00
5117f6ee-35d5-4910-9935-4af1e6554bad,preparation destination,training objective,general,Computer Science,Machine Learning,verified,pps_obvious_2026_06_18,0,0,0,0.0,likely_tortured,0.0,2026-01-20T08:12:00.579459+00:00
cdeb3649-155d-465b-b1d7-2faf6c66ee61,preparation information,training data,general,Computer Science,,verified,pps_obvious_2026_06_18,0,0,0,0.0,likely_tortured,0.0,2026-01-20T08:11:58.334592+00:00
797bd784-b7aa-425f-9bbc-a0b4812c7cad,preparation informational index,training dataset,general,Computer Science,Machine Learning,verified,pps_obvious_2026_06_18,0,0,0,0.0,likely_tortured,0.99,2026-01-20T08:11:59.379143+00:00
9a0ee5f3-31aa-4693-8aa1-0b8c7cbf35ba,preparation misfortune,training loss,general,Computer Science,Machine Learning,verified,pps_obvious_2026_06_18,0,0,0,0.0,likely_tortured,0.0,2026-01-20T08:12:00.413699+00:00
2caefbfb-4d72-47c0-9e53-a2eb7efe8320,preparation occasion,training instance,general,Computer Science,Machine Learning,verified,pps_obvious_2026_06_18,0,0,0,0.0,likely_tortured,0.99,2026-01-20T08:12:00.120634+00:00
79a95739-1f20-4442-98d6-1dddc5d0c6eb,preparation set,training set,general,Computer Science,Machine Learning,verified,pps_obvious_2026_06_18,0,0,0,0.0,likely_tortured,0.0,2026-01-20T08:11:58.334592+00:00
c08205a9-6893-4afa-947a-d9c2019920da,preparation tuples,training tuples,general,Mathematics,Statistics,verified,pps_obvious_2026_06_18,0,0,0,0.0,likely_tortured,0.99,2026-01-20T08:12:00.501885+00:00
01e58b68-d17a-41a5-8f34-6205ec57108e,preparing and approval,training and validation,general,General,,verified,pps_obvious_2026_06_18,0,0,0,0.0,likely_tortured,0.0,2026-01-20T08:11:59.095666+00:00
d742ef46-cb5d-4e89-b659-b3c32b430d87,preparing and testing datasets,training and testing datasets,general,Physics,,verified,pps_obvious_2026_06_18,0,0,0,0.0,likely_not_tortured,0.8,2026-01-20T08:12:00.251055+00:00
42ea38cf-10bf-492b-9bfb-dd715d2a489d,preparing clumps,training batches,general,Computer Science,Machine Learning,verified,pps_obvious_2026_06_18,0,0,0,0.0,likely_tortured,0.0,2026-01-20T08:12:01.865548+00:00
7dbf8bf7-e016-4c0e-a7aa-2efd37133110,preparing database,training dataset,general,General,,verified,pps_obvious_2026_06_18,0,0,0,0.0,likely_tortured,0.99,2026-01-20T08:11:58.722191+00:00
16596356-4f67-4bef-a7e0-1e6f4dddcd64,preparing design,training sample,general,Computer Science,Training Sample,verified,pps_obvious_2026_06_18,0,0,0,0.0,likely_tortured,0.99,2026-01-20T08:11:58.477753+00:00
25753292-aa6f-4b71-9995-03daa0f2d9fc,preparing exactness,exactness,general,Mathematics,,verified,pps_obvious_2026_06_18,0,0,0,0.0,likely_tortured,0.0,2026-01-20T08:12:00.055451+00:00
1b711a39-00ed-4118-9851-5643e2bee07f,preparing information,training data,general,Computer Science,Machine Learning,verified,pps_obvious_2026_06_18,0,0,0,0.0,likely_tortured,0.99,2026-01-20T08:11:58.334592+00:00
1343c3e4-9227-4e25-ad6c-5f2b495207c0,preparing misfortune,training loss,general,Engineering,,verified,pps_obvious_2026_06_18,0,0,0,0.0,likely_tortured,0.0,2026-01-20T08:12:00.413699+00:00
3648ae1f-ae1b-4d4a-9c22-9f272b97fde1,preparing pictures,training images,general,General,,verified,pps_obvious_2026_06_18,0,0,0,0.0,likely_tortured,0.99,2026-01-20T08:11:58.722191+00:00
288b5401-2e39-4b84-9d03-d2a6ef7edefe,preparing prepare,training process,general,Computer Science,Machine Learning,verified,pps_obvious_2026_06_18,0,0,0,0.0,likely_tortured,0.99,2026-01-20T08:11:59.457436+00:00
a6912303-1392-4700-9abc-1f165ce38b56,preparing set,training set,general,General,,verified,pps_obvious_2026_06_18,0,0,0,0.0,likely_tortured,0.99,2026-01-20T08:11:58.477753+00:00
31a6639b-6d4b-4883-8f8e-1fc26915c7f3,preparing set and confirmation set,training set and validation set,general,Computer Science,Machine Learning,verified,pps_obvious_2026_06_18,0,0,0,0.0,likely_tortured,0.99,2026-01-20T08:12:02.417155+00:00
f8084885-9e96-48e9-9fd7-9360de7a7419,preparing tuples,training tuples,general,Engineering,Smart Technology,verified,pps_obvious_2026_06_18,0,0,0,0.0,likely_tortured,0.0,2026-01-20T08:12:00.579459+00:00
ffe4a2c6-117e-4a33-87fe-c57b3eff438e,pre-prepared profound model,pre-trained deep model,general,General,Blended Learning,verified,pps_obvious_2026_06_18,0,0,0,0.0,likely_tortured,0.99,2026-01-20T08:12:01.978925+00:00
6f929181-bec6-4781-a6fd-fde8e3ef21db,pre-programmed discourse recognition,automatic speech recognition (ASR),general,Computer Science,Machine Learning,verified,pps_obvious_2026_06_18,0,0,0,0.0,likely_tortured,0.99,2026-01-20T08:12:02.710910+00:00
a6313de3-69ba-48c3-ad90-0db8951a0caa,prescient exactness,predicted accuracy,general,Computer Science,Fuzzy Logic,verified,pps_obvious_2026_06_18,0,0,0,0.0,likely_tortured,0.0,2026-01-20T08:11:59.095666+00:00
cdea196d-8637-4681-b63d-b2e3362cf3b8,principal recurrence (F0),fundamental frequency (F0),general,General,,verified,pps_obvious_2026_06_18,0,0,0,0.0,likely_tortured,0.99,2026-01-20T08:12:03.073626+00:00
b7c751ab-583d-4625-99bf-dbe37841fb8e,principle component analysis,principal component analysis,ai_detected,Computer Science,Machine Learning,verified,editor_confirmed,0,0,0,0.0,likely_tortured,0.99,2026-01-20T08:27:56.577143+00:00
8edf07f8-99b2-4951-9cf1-837bbe783151,profound autoencoder,deep autoencoder,general,Computer Science,Deep Learning,verified,pps_obvious_2026_06_18,0,0,0,0.0,likely_tortured,0.0,2026-01-20T08:12:00.857236+00:00
f189e38a-907f-41f7-b269-cbcd2030b2d9,profound bore,deep bore,technical,,,verified,pps_obvious_2026_06_18,,,,,not_reviewed,,2026-06-19T09:14:30.298171+00:00
71544f99-95c1-4bf2-adcc-0cf784015351,profound brain agencies,deep neural networks (DNN),general,Computer Science,Software Engineering,verified,pps_obvious_2026_06_18,0,0,0,0.0,likely_tortured,0.99,2026-01-20T08:12:02.211628+00:00
4300b667-59a7-4b41-b68e-1a5891872b87,profound brain network,deep neural network,general,Computer Science,Machine Learning,verified,pps_obvious_2026_06_18,0,0,0,0.0,likely_tortured,0.0,2026-01-20T08:11:59.165415+00:00
d43d6d10-86de-480b-b81d-973dae8d8835,profound brain organization,deep neural network,general,Computer Science,Machine Learning,verified,pps_obvious_2026_06_18,0,0,0,0.0,likely_tortured,0.99,2026-01-20T08:11:59.023927+00:00
b82e0d08-9857-4790-9188-af8e0fca30dc,profound brought together organization,deep unified network (DUN),general,Computer Science,Deep Learning,verified,pps_obvious_2026_06_18,0,0,0,0.0,likely_tortured,0.0,2026-01-20T08:12:03.329518+00:00
31e1b013-6c8d-4be7-8bc0-27e64a11f712,profound CNN,deep CNN (neural network),general,Computer Science,Deep Learning,verified,pps_obvious_2026_06_18,0,0,0,0.0,likely_tortured,0.99,2026-01-20T08:11:58.722191+00:00
29e00aaf-b19e-4636-bbfb-d153dfe22284,profound conviction business enterprise,deep belief network (DBF),general,General,,verified,pps_obvious_2026_06_18,0,0,0,0.0,likely_tortured,0.0,2026-01-20T08:12:02.361211+00:00
889313a1-cd0a-472f-aa12-ad95854240d1,profound conviction network,deep belief network (DBN),general,Computer Science,Machine Learning,verified,pps_obvious_2026_06_18,0,0,0,0.0,likely_tortured,0.0,2026-01-20T08:12:00.652036+00:00
b8b98a4b-265a-4344-8b7d-b8ed3da5f3b9,profound conviction organization,deep belief network (DBN),general,Computer Science,Deep Learning,verified,pps_obvious_2026_06_18,0,0,0,0.0,likely_tortured,0.99,2026-01-20T08:12:00.120634+00:00
cda192ff-3929-482a-9f0f-ab52dac9eb90,profound conviction systems,deep belief networks (DBNs),general,Medicine,,verified,pps_obvious_2026_06_18,0,0,0,0.0,likely_tortured,0.0,2026-01-20T08:12:01.085511+00:00
114556ea-7404-4374-94fd-618ceaf97cec,profound convolutional,deep convolutional (neural network),general,Mathematics,,verified,pps_obvious_2026_06_18,0,0,0,0.0,likely_tortured,0.0,2026-01-20T08:11:58.606699+00:00
4c184d0b-d15a-428c-ad61-5feb0f3b4ba7,profound convolution neural organize,deep convolutional neural network,general,Computer Science,Machine Learning,verified,pps_obvious_2026_06_18,0,0,0,0.0,likely_tortured,0.99,2026-01-20T08:12:03.510000+00:00
f710afda-83d8-41d8-96ff-501e806d1199,profound deep CNNs,deep CNNs,general,Computer Science,Deep Learning,verified,pps_obvious_2026_06_18,0,0,0,0.0,likely_tortured,0.0,2026-01-20T08:12:01.257942+00:00
baf9b9d4-1de5-47f0-9286-c6c4177bff61,profound deep Convolutional Neural Networks,deep Convolutional Neural Networks,general,Medicine,Gastroenterology,verified,pps_obvious_2026_06_18,0,0,0,0.0,likely_tortured,0.99,2026-01-20T08:12:01.451973+00:00
70fcbe31-604e-4f33-9ada-789a1d0ddd0f,profound deep learning,deep learning,general,General,,verified,pps_obvious_2026_06_18,0,0,0,0.0,likely_tortured,0.99,2026-01-20T08:11:59.023927+00:00
2ec37ed2-f925-4a2e-a696-86f7cfafc68d,profound education,deep learning,general,Computer Science,Machine Learning,verified,pps_obvious_2026_06_18,0,0,0,0.0,likely_tortured,0.99,2026-01-20T08:11:58.477753+00:00
2eec8d92-b16f-44c1-ba56-c32ed105589b,profound encyclopedism,deep learning,general,Computer Science,Image Processing,verified,pps_obvious_2026_06_18,0,0,0,0.0,likely_tortured,0.0,2026-01-20T08:12:03.387766+00:00
e937a91c-e675-4a9c-b988-dc8e77c7c6b0,profound figuring,deep learning,general,Physics,Energy,verified,pps_obvious_2026_06_18,0,0,0,0.0,likely_tortured,0.0,2026-01-20T08:11:59.095666+00:00
596dbb69-35a0-4b5d-8046-67a32c089577,profound gaining,deep learning,general,Medicine,,verified,pps_obvious_2026_06_18,0,0,0,0.0,likely_tortured,0.0,2026-01-20T08:11:59.540422+00:00
77b70efc-e397-47f9-8e6d-62e454ff2066,profound guide getting to know,deep reinforcement learning,general,Computer Science,Reinforcement Learning,verified,pps_obvious_2026_06_18,0,0,0,0.0,likely_tortured,0.99,2026-01-20T08:12:02.530908+00:00
b313361f-ee74-476f-aba3-43e2c6462c81,profound implanting highlights,deep embedding features,general,Computer Science,Machine Learning,verified,pps_obvious_2026_06_18,0,0,0,0.0,likely_tortured,0.99,2026-01-20T08:12:03.201815+00:00
67a8448a-679a-4061-af09-249e2d93f12d,profound include extraction,deep feature extraction,general,Computer Science,Machine Learning,verified,pps_obvious_2026_06_18,0,0,0,0.0,likely_tortured,0.99,2026-01-20T08:12:01.751819+00:00
bb9bf576-fca8-41bb-a631-e09800001146,profound installing highlights,deep embedding features,general,Computer Science,Deep Learning,verified,pps_obvious_2026_06_18,0,0,0,0.0,likely_tortured,0.0,2026-01-20T08:12:02.941195+00:00
449b3575-6f34-48f6-b9a3-f57d3bb46069,profound layers,deep layers,general,Environmental Science,,verified,pps_obvious_2026_06_18,0,0,0,0.0,likely_tortured,0.99,2026-01-20T08:11:58.477753+00:00
f8b3bf32-0976-40a3-a3e0-b536f63346d6,profound learning draws near,deep learning approaches,technical,,,verified,pps_obvious_2026_06_18,,,,,not_reviewed,,2026-06-19T09:14:30.298171+00:00
4f420ba7-4849-4ffa-aa84-491b90f0fb2d,profound mastering,deep learning (DL),general,Computer Science,Natural Language Processing,verified,pps_obvious_2026_06_18,0,0,0,0.0,likely_tortured,0.0,2026-01-20T08:12:00.055451+00:00
95ea0799-2eff-4ae5-a7e8-2c7fd608a75f,profound model,deep model,general,General,,verified,pps_obvious_2026_06_18,0,0,0,0.0,likely_tortured,0.99,2026-01-20T08:11:58.538212+00:00
8c4fa69d-9f29-4e44-8d80-782664ae6660,profound nervous tissue,deep neural network,general,Computer Science,Authentication,verified,pps_obvious_2026_06_18,0,0,0,0.0,likely_tortured,1.0,2026-01-20T08:12:02.361211+00:00
7ba7dbf8-6501-4fc3-a097-041596ed3735,profound neural networks,deep neural network (DNN),general,Environmental Science,Pollution,verified,pps_obvious_2026_06_18,0,0,0,0.0,likely_tortured,0.99,2026-01-20T08:11:58.722191+00:00
04164a65-6c48-472e-90cc-945a66150e80,profound neural organization,deep neural network,general,Engineering,Smart Technology,verified,pps_obvious_2026_06_18,0,0,0,0.0,likely_tortured,0.99,2026-01-20T08:11:58.722191+00:00
f3f37c64-a684-4a07-9512-abadc22bffad,profound neural system,deep neural network,general,Computer Science,Deep Learning,verified,pps_obvious_2026_06_18,0,0,0,0.0,likely_tortured,0.0,2026-01-20T08:11:58.780182+00:00
bc1b5a0c-c082-48c8-a83a-fe247b7537e3,profound reinforcement learning,deep reinforcement learning,general,Medicine,Infectious Diseases,verified,pps_obvious_2026_06_18,0,0,0,0.0,likely_tortured,0.99,2026-01-20T08:12:00.120634+00:00
ca1771be-161a-45a9-a648-09a8b778329f,profound remaining organization,deep residual network,general,Computer Science,Machine Learning,verified,pps_obvious_2026_06_18,0,0,0,0.0,likely_tortured,0.99,2026-01-20T08:12:01.865548+00:00
e9260098-9922-417e-9a56-69702b7efdb8,profound repetitive model,deep recurrent model,general,Computer Science,Machine Learning,verified,pps_obvious_2026_06_18,0,0,0,0.0,likely_tortured,0.0,2026-01-20T08:12:03.003510+00:00
7b4bb7e0-c47f-4d13-897e-87519cd74c60,profound RNN,deep RNN,general,General,,verified,pps_obvious_2026_06_18,0,0,0,0.0,likely_tortured,0.0,2026-01-20T08:12:01.694044+00:00
47b44335-f8ee-44ba-bdb6-d015fb311663,programmed acknowledgement,automatic recognition,general,General,,verified,pps_obvious_2026_06_18,0,0,0,0.0,likely_tortured,0.99,2026-01-20T08:12:00.328837+00:00
02f3c3f2-001a-4e6a-b8e7-1b6799d64a98,programmed acknowledgment,automatic recognition,general,Computer Science,Machine Learning,verified,pps_obvious_2026_06_18,0,0,0,0.0,likely_tortured,0.0,2026-01-20T08:11:59.165415+00:00
79037391-e2d8-4eac-af03-603734cc6aca,programmed discourse acknowledgement,automatic speech recognition (ASR),general,General,,verified,pps_obvious_2026_06_18,0,0,0,0.0,likely_tortured,0.99,2026-01-20T08:12:01.751819+00:00
908528e5-3014-49dc-b508-1d52203a6f1a,programmed discourse acknowledgment,automatic speech recognition (ASR),general,Computer Science,Speech Recognition,verified,pps_obvious_2026_06_18,0,0,0,0.0,likely_tortured,0.0,2026-01-20T08:11:59.623196+00:00
f0975c59-8b37-4ab2-969f-0a18e4f0f88f,programmed distinguishing proof,automatic identification,general,General,,verified,pps_obvious_2026_06_18,0,0,0,0.0,likely_tortured,0.0,2026-01-20T08:12:00.120634+00:00
f1b49198-8867-467e-aad3-e47e300b4cc3,programmed ID,automatic identification,general,General,,verified,pps_obvious_2026_06_18,0,0,0,0.0,likely_tortured,0.0,2026-01-20T08:11:59.023927+00:00
c7e2c835-b551-44dd-bcba-a6b9ffa4803b,programmed learning,machine learning,general,Computer Science,,verified,pps_obvious_2026_06_18,0,0,0,0.0,likely_not_tortured,0.8,2026-01-20T08:11:58.334592+00:00
0522b89f-d166-48f7-9f8c-32b1fa5222bd,programmed location framework,automatic detection system,general,Engineering,Detection Systems,verified,pps_obvious_2026_06_18,0,0,0,0.0,likely_tortured,0.99,2026-01-20T08:12:01.694044+00:00
1ec6628c-6202-414e-8d3b-79a6a8c95ce6,programmed speech acknowledgement,automatic speech recognition,general,Chemistry,,verified,pps_obvious_2026_06_18,0,0,0,0.0,likely_tortured,0.99,2026-01-20T08:12:03.445369+00:00
b6e5153a-f282-448c-a6c9-ad83c2c8a41a,programmed speech acknowledgment,automatic speech recognition,general,Computer Science,Cybersecurity,verified,pps_obvious_2026_06_18,0,0,0,0.0,likely_tortured,0.99,2026-01-20T08:12:01.316487+00:00
04c30dde-fad1-421f-9739-08383bc24cec,Programmed Teller Machine (ATM),automated teller machine (ATM),general,Computer Science,Machine Learning,verified,pps_obvious_2026_06_18,0,0,0,0.0,likely_not_tortured,0.8,2026-01-20T08:12:02.153764+00:00
309e94cc-b713-4459-874f-bd78b2dcb65d,programmed voyage control,adaptive cruise control (ACC),general,General,,verified,pps_obvious_2026_06_18,0,0,0,0.0,likely_tortured,0.0,2026-01-20T08:12:02.941195+00:00
e7dae9e7-a0ce-4f61-8985-6404321f3046,proof of idea,proof of concept,general,Engineering,Prototyping,verified,pps_obvious_2026_06_18,0,0,0,0.0,likely_tortured,0.99,2026-01-20T08:11:58.722191+00:00
5474ae0f-d366-4ff5-a91b-b1af8dc04527,proper wonderful fee,True Positive Rate (TPR),general,Engineering,Energy Engineering,verified,tortured_csv,0,0,0,0.0,likely_tortured,0.99,2026-01-20T08:12:02.417155+00:00
f4d8d39c-8ba5-4d6e-af6d-0040a509541b,prophetic conservation,predictive maintenance (PdM),general,Computer Science,Artificial Intelligence,verified,pps_obvious_2026_06_18,0,0,0,0.0,likely_tortured,0.0,2026-01-20T08:12:00.328837+00:00
2c88a8ba-f89f-4627-b03c-8d24f1d504c8,prophetic delicacy,predictive accuracy,general,General,,verified,pps_obvious_2026_06_18,0,0,0,0.0,likely_tortured,0.99,2026-01-20T08:12:00.251055+00:00
fdfa869f-1b27-43af-9068-26884daf2ddd,prophetic model,predictive model,general,Mathematics,,verified,pps_obvious_2026_06_18,0,0,0,0.0,likely_tortured,0.99,2026-01-20T08:11:58.419514+00:00
e7c41f52-8339-489c-acc8-86ad6ba25647,prophetic modeling,predictive modeling,general,Computer Science,Machine Learning,verified,pps_obvious_2026_06_18,0,0,0,0.0,likely_tortured,0.99,2026-01-20T08:11:59.955433+00:00
b09aa918-e12b-4e86-8c67-21ed49f03ded,prophetic typing,predictive typing,general,Computer Science,,verified,pps_obvious_2026_06_18,0,0,0,0.0,likely_tortured,0.99,2026-01-20T08:12:03.329518+00:00
9302fdad-4c47-4f8e-a35b-05d893ffd234,Prophet information base,Oracle database,general,General,,verified,pps_obvious_2026_06_18,0,0,0,0.0,likely_tortured,0.0,2026-01-20T08:12:02.473603+00:00
2be626e0-e457-4ed5-a852-9fe767675587,protein crown,protein corona,general,Biology,Protein Corona,verified,pps_obvious_2026_06_18,0,0,0,0.0,likely_tortured,0.0,2026-01-20T08:11:58.477753+00:00
b7e8c630-5ba8-487e-908b-a3056b4840d9,protein information base,protein database,technical,,,verified,pps_obvious_2026_06_18,,,,,not_reviewed,,2026-06-19T09:14:30.298171+00:00
1f12fe41-c573-401f-a9ae-00a13304b411,protein recognizable proof,protein identification,general,Biology,Protein Science,verified,pps_obvious_2026_06_18,0,0,0,0.0,likely_tortured,0.99,2026-01-20T08:12:01.451973+00:00
eacbdfaa-9176-4589-862d-a945297ca97f,proton trade membrane gasoline mobileular,proton exchange membrane fuel cell,general,Mathematics,,verified,tortured_csv,0,0,0,0.0,likely_tortured,0.99,2026-01-20T08:12:02.653403+00:00
c736aa67-6ee8-431c-b21a-ac71d6d19d86,protospacer adjoining motifs,protospacer adjacent motif (PAM),general,Economics,,verified,tortured_csv,0,0,0,0.0,likely_tortured,0.99,2026-01-20T08:12:01.200878+00:00
80dc2cb7-0f87-4c69-a18c-02d0d85a0109,Public Area Acquiring Prerequisite (PSBR),Public Sector Borrowing Requirement (PSBR),general,General,,verified,tortured_csv,0,0,0,0.0,likely_tortured,0.99,2026-01-20T08:12:03.445369+00:00
70d54f4e-a3fd-41fb-b904-4b9df583e97f,public electronic asset move,National Electronic Funds Transfer (NEFT),general,Economics,,verified,pps_obvious_2026_06_18,0,0,0,0.0,likely_tortured,0.0,2026-01-20T08:12:02.037476+00:00
e8c8f496-8298-457c-81cd-fd5b0ed31f80,pulverized by growth pollution,environmental degradation,general,Biology,Biochemistry,verified,pps_obvious_2026_06_18,0,0,0,0.0,likely_tortured,0.0,2026-01-20T08:12:02.710910+00:00
089efcfa-e5df-4712-8ac8-54584121f643,purport good example,proposed model,general,Mathematics,,verified,pps_obvious_2026_06_18,0,0,0,0.0,likely_tortured,0.99,2026-01-20T08:12:02.824766+00:00
91f2ad51-8233-4677-a668-cd3829998174,quick Fourier change,Fast Fourier Transform,general,Mathematics,Transform,verified,pps_obvious_2026_06_18,0,0,0,0.0,likely_tortured,0.0,2026-01-20T08:11:59.540422+00:00
63fd0167-27f6-42d4-86cf-6b59e58d8556,quick Fourier exchange,fast Fourier transform (FFT),general,Computer Science,Fuzzy Logic,verified,pps_obvious_2026_06_18,0,0,0,0.0,likely_tortured,0.99,2026-01-20T08:12:03.201815+00:00
834767ee-032c-493a-8ad0-05fe3af7c30a,quick Fourier remodel,Fast Fourier Transform (FFT),general,Computer Science,,verified,pps_obvious_2026_06_18,0,0,0,0.0,likely_tortured,0.99,2026-01-20T08:12:01.637551+00:00
508af6e4-52f9-4f7a-af5a-c5b5ac2881ef,quick Fourier transform,Fast Fourier Transform,general,General,,verified,pps_obvious_2026_06_18,0,0,0,0.0,likely_not_tortured,0.9,2026-01-20T08:11:58.898948+00:00
8d9e4ef6-d073-43f7-bd97-c772119ad77b,quintile regression,quantile regression,general,Computer Science,Statistics,verified,pps_obvious_2026_06_18,0,0,0,0.0,likely_tortured,0.99,2026-01-20T08:11:58.419514+00:00
531bca64-92a1-482d-a301-a52d8c593ff6,quite properly privacy,pretty good privacy (PGP),general,Physics,Mathematical Physics,verified,tortured_csv,0,0,0,0.0,likely_tortured,0.99,2026-01-20T08:12:02.211628+00:00
b7d15b97-72ea-4fb9-a76c-3837f48e6f9b,quite properly privateers,pretty good privacy (PGP),general,Computer Science,,verified,tortured_csv,0,0,0,0.0,likely_tortured,0.99,2026-01-20T08:12:03.135413+00:00
c65e2b3d-96b2-40d9-9a90-a743d458f668,radio recurrence,radio frequency,general,Engineering,Signal Processing,verified,pps_obvious_2026_06_18,0,0,0,0.0,likely_tortured,0.0,2026-01-20T08:11:58.538212+00:00
fe45c848-0097-42a0-aa91-3004a8c97a10,Radio Recurrence Distinguishing proof,Radio Frequency Identification (RFID),general,General,,verified,pps_obvious_2026_06_18,0,0,0,0.0,likely_tortured,0.99,2026-01-20T08:11:59.842122+00:00
419b1611-8ac5-4710-8b12-ebce6be4fe4b,Radio Recurrence Recognizable proof,Radio Frequency Identification (RFID),general,Engineering,RFID,verified,pps_obvious_2026_06_18,0,0,0,0.0,likely_tortured,0.99,2026-01-20T08:11:59.540422+00:00
6f3eca8b-d184-4947-899b-1e4c5a5079d1,random choice woodland,random decision forest,general,Mathematics,,verified,pps_obvious_2026_06_18,0,0,0,0.0,likely_tortured,1.0,2026-01-20T08:12:02.211628+00:00
f9304f37-5410-4445-afcb-3e410d5aa164,range motion retread,Integer Wavelet Transform (IWT),general,Computer Science,Data Privacy,verified,tortured_csv,0,0,0,0.0,likely_tortured,0.99,2026-01-20T08:12:03.003510+00:00
9f0e2b5f-97d3-474e-a450-2831c5eec88d,ravenous calculation,greedy algorithm,general,Computer Science,Algorithms,verified,pps_obvious_2026_06_18,0,0,0,0.0,likely_tortured,0.99,2026-01-20T08:12:00.716324+00:00
e44164d4-50a4-4d54-89b4-145bed6d79ec,reactant movement,catalytic activity,general,Medicine,Health Records,verified,pps_obvious_2026_06_18,0,0,0,0.0,likely_tortured,0.99,2026-01-20T08:11:58.838622+00:00
f738aeb8-492d-4dcb-970f-7c47d2933152,reactive blend,reaction mixture,general,Chemistry,,verified,pps_obvious_2026_06_18,0,0,0,0.0,likely_tortured,0.99,2026-01-20T08:11:58.419514+00:00
b773adb7-33d9-4fa5-a143-b2a5de025691,recognition and recognizable proof,recognition and identification,general,General,,verified,pps_obvious_2026_06_18,0,0,0,0.0,likely_tortured,0.99,2026-01-20T08:12:01.200878+00:00
af0373fd-7ba2-4064-907f-6817a9d591cb,recognizable proof,identification,general,General,,verified,pps_obvious_2026_06_18,0,0,0,0.0,likely_tortured,0.0,2026-01-20T08:11:58.334592+00:00
42dabedb-f360-42f8-bdee-f6647601fc77,recognizable proof and acknowledgment,identification and recognition,general,Psychology,,verified,pps_obvious_2026_06_18,0,0,0,0.0,likely_tortured,0.99,2026-01-20T08:12:01.085511+00:00
1686bd19-80d5-4923-ac01-a78678d2855b,recognizable proof mode,verification mode (of a biometric recognition system),general,Computer Science,Signal Processing,verified,pps_obvious_2026_06_18,0,0,0,0.0,likely_tortured,0.0,2026-01-20T08:12:01.808668+00:00
886fa92f-a8dc-4566-90a6-174e36630f09,recognizable proof of infection,identification of disease,general,Medicine,,verified,pps_obvious_2026_06_18,0,0,0,0.0,likely_tortured,0.99,2026-01-20T08:12:01.637551+00:00
cded93b5-5ca9-47ee-a0ab-d14fbc3feee4,records arrangement,data classification,general,General,,verified,pps_obvious_2026_06_18,0,0,0,0.0,likely_tortured,0.99,2026-01-20T08:11:58.722191+00:00
5fea0cba-12e3-4ed0-8b3e-b268a7fc19f4,record series machine,data collection system,general,Medicine,,verified,pps_obvious_2026_06_18,0,0,0,0.0,likely_tortured,0.99,2026-01-20T08:12:01.978925+00:00
06277cdb-0835-4fa8-868d-1c9d2888b06c,recreated toughening and hereditary calculation,simulated annealing genetic algorithm (SA-GA),general,Psychology,,verified,pps_obvious_2026_06_18,0,0,0,0.0,likely_tortured,0.0,2026-01-20T08:12:03.201815+00:00
44feaee9-51c1-4e36-8ff6-5ada709801e8,recurrence and sufficiency,frequency and amplitude,general,Physics,,verified,pps_obvious_2026_06_18,0,0,0,0.0,likely_tortured,0.0,2026-01-20T08:12:01.200878+00:00
b02da9b8-0421-4c8d-9b25-91b3a8f203b8,recurrence band,frequency band,general,Computer Science,Architecture,verified,pps_obvious_2026_06_18,0,0,0,0.0,likely_tortured,0.99,2026-01-20T08:11:58.662706+00:00
18af91a6-fd38-491a-ab52-15543d47a7b9,recurrence portrayal,frequency representation,general,Computer Science,Machine Learning,verified,pps_obvious_2026_06_18,0,0,0,0.0,likely_tortured,0.0,2026-01-20T08:12:00.652036+00:00
faad5790-a0b2-4f64-bf34-48900c358c89,recurrence range,frequency range,general,Computer Science,Machine Learning,verified,pps_obvious_2026_06_18,0,0,0,0.0,likely_tortured,0.0,2026-01-20T08:11:58.334592+00:00
992d9df0-1367-49f3-99f5-9a61ab1e35b7,recurrence scope,frequency range,general,Mathematics,Statistics,verified,pps_obvious_2026_06_18,0,0,0,0.0,likely_tortured,0.99,2026-01-20T08:11:59.095666+00:00
3c772a01-0909-43fe-bbb0-0f8a6afff6fc,recurrence space,frequency domain,general,General,,verified,pps_obvious_2026_06_18,0,0,0,0.0,likely_tortured,0.0,2026-01-20T08:11:58.606699+00:00
370b76d4-687b-4cad-80bb-8c4cd1e05d7a,recurrence sub band,frequency subband,general,Engineering,,verified,pps_obvious_2026_06_18,0,0,0,0.0,likely_tortured,0.0,2026-01-20T08:12:00.182559+00:00
a7a4a297-cb5c-4546-95a1-8392305c0b5d,recurrence sub group,frequency subband,general,Engineering,,verified,pps_obvious_2026_06_18,0,0,0,0.0,likely_tortured,0.0,2026-01-20T08:12:00.055451+00:00
2492a45a-0eb4-4a9d-9e1f-ae2e6864c618,recurrence subordinate dielectric steady,frequency-dependent dielectric constant,general,Medicine,Psychiatry,verified,pps_obvious_2026_06_18,0,0,0,0.0,likely_tortured,0.99,2026-01-20T08:12:03.329518+00:00
6da6164a-de54-495e-a4df-8a08049fa644,recurrent neural community,recurrent neural network (RNN),general,General,,verified,pps_obvious_2026_06_18,0,0,0,0.0,likely_tortured,0.0,2026-01-20T08:11:59.165415+00:00
2b3d0a60-e06b-47af-95b1-a42ea47b10a2,recurrent neural organization,recurrent neural network,general,Computer Science,Neural Networks,verified,pps_obvious_2026_06_18,0,0,0,0.0,likely_tortured,0.99,2026-01-20T08:12:00.413699+00:00
2223ecef-9f86-454d-9b92-d2a525af1650,recurring neural network,recurrent neural network,general,Computer Science,Machine Learning,verified,pps_obvious_2026_06_18,0,0,0,0.0,likely_tortured,1.0,2026-01-20T08:11:58.477753+00:00
e72ddf66-1ecd-4d3d-90a7-daf865320fc8,redressed straight unit,"rectified linear unit, ReLU",general,General,,verified,pps_obvious_2026_06_18,0,0,0,0.0,likely_tortured,0.0,2026-01-20T08:12:00.579459+00:00
6655e85f-4bf9-44a7-880b-bc11063facbc,reek connected neural system,convolutional neural network (CNN),general,Computer Science,Machine Learning,verified,pps_obvious_2026_06_18,0,0,0,0.0,likely_tortured,0.0,2026-01-20T08:12:02.473603+00:00
4ca37f04-e8da-4ee0-b48b-7fd9b58560d8,reflection-enhancement assault,reflection/amplification attack,general,Biology,Microbiology,verified,pps_obvious_2026_06_18,0,0,0,0.0,likely_tortured,0.99,2026-01-20T08:12:03.073626+00:00
9f83031b-0ecd-4644-969f-84236678bab8,region underneath the recipient working bend (ROC AUC),"area under the receiver operating [characteristic] curve (ROC AUC) (Note: ROC = receiver operating characteristic, AUC = area under curve)",general,Medicine,Ophthalmology,verified,tortured_csv,0,0,0,0.0,likely_tortured,0.99,2026-01-20T08:12:02.881616+00:00
327e3c2c-a5a3-458a-8256-068503cdde71,region under the collector administrator bend,area under the receiver operating characteristic curve (AUROC),general,Biology,,verified,tortured_csv,0,0,0,0.0,likely_tortured,0.99,2026-01-20T08:12:03.573677+00:00
60f98c6b-31d4-447c-b4fe-1c4309365a71,region under the recipient working trademark,area under the receiver operating characteristic [curve] (AUROC),general,Medicine,Medical Imaging,verified,tortured_csv,0,0,0,0.0,likely_tortured,0.99,2026-01-20T08:12:01.200878+00:00
86c09705-a95e-4757-a66f-fcc529ac467c,regular language preparing,natural language processing (NLP),general,Computer Science,Machine Learning,verified,pps_obvious_2026_06_18,0,0,0,0.0,likely_tortured,0.99,2026-01-20T08:11:59.724741+00:00
b0aa808e-d88f-4e94-a876-18e73d1b5827,regulated AI calculation,supervised machine learning algorithm,general,Computer Science,Machine Learning,verified,pps_obvious_2026_06_18,0,0,0,0.0,likely_tortured,0.99,2026-01-20T08:11:59.955433+00:00
a599f8e7-8371-4e9e-bc27-dd9977dbb18e,regulated learning calculation,supervised learning algorithm,general,Engineering,Systems Engineering,verified,pps_obvious_2026_06_18,0,0,0,0.0,likely_tortured,0.99,2026-01-20T08:11:59.540422+00:00
4e0f1334-42c3-4d51-826f-ed581bc3345f,regulated preparing,supervised training,general,General,,verified,pps_obvious_2026_06_18,0,0,0,0.0,likely_tortured,0.0,2026-01-20T08:12:00.913838+00:00
0ebacc20-a5e0-4a31-b7cf-41fea05eb541,reinforcement mastering,reinforcement learning,general,Computer Science,Machine Learning,verified,pps_obvious_2026_06_18,0,0,0,0.0,likely_tortured,0.99,2026-01-20T08:11:59.023927+00:00
0ef265b8-8b20-4b2b-ba42-02cbfa084286,reinforce vector machine,support vector machine (SVM),general,Biology,,verified,pps_obvious_2026_06_18,0,0,0,0.0,likely_tortured,0.0,2026-01-20T08:12:00.857236+00:00
54cc4ac1-217a-489f-b97a-9f94de8ccc90,repetitive neural arrangement,recurrent neural network (RNN),general,Computer Science,Security,verified,pps_obvious_2026_06_18,0,0,0,0.0,likely_tortured,0.99,2026-01-20T08:12:01.637551+00:00
e848ad8c-15ee-42d5-887d-4ab4a2c40cf6,repetitive neural local area (RNN),recurrent neural network (RNN),general,General,,verified,pps_obvious_2026_06_18,0,0,0,0.0,likely_tortured,0.99,2026-01-20T08:12:02.710910+00:00
3593ea3e-106b-4031-a1dd-e6d61d3953af,repetitive neural organize,recurrent neural network (RNN),general,Computer Science,Machine Learning,verified,pps_obvious_2026_06_18,0,0,0,0.0,likely_tortured,0.0,2026-01-20T08:12:00.802180+00:00
2d5c516f-8282-46a0-8544-f182d474ca51,repetitive neural system,Recurrent Neural Network (RNN),general,Computer Science,Neural Networks,verified,pps_obvious_2026_06_18,0,0,0,0.0,likely_tortured,0.0,2026-01-20T08:11:59.023927+00:00
69f62baf-0196-48c8-a8ec-0387f0de4bd0,replay assault,replay attack,general,Medicine,Clinical Trials,verified,pps_obvious_2026_06_18,0,0,0,0.0,likely_tortured,0.99,2026-01-20T08:11:58.606699+00:00
f4afb4d4-25d4-4915-88d4-58ec047d0457,restorative flag preparing,medical signal processing,general,General,,verified,pps_obvious_2026_06_18,0,0,0,0.0,likely_tortured,0.99,2026-01-20T08:12:02.473603+00:00
0c6a719b-3d67-463b-b7e4-cd3354f46a53,Restrictive Irregular Field,Conditional Random Field (CRF),general,Chemistry,,verified,pps_obvious_2026_06_18,0,0,0,0.0,likely_tortured,0.0,2026-01-20T08:12:00.913838+00:00
353468df-b4a1-463b-99fe-05c0d9d50803,rest wrecked breathing (SDB),sleep-disordered breathing (SDB),general,Medicine,,verified,tortured_csv,0,0,0,0.0,likely_tortured,0.99,2026-01-20T08:12:03.135413+00:00
72817ca9-1fe6-488b-a5b3-4509853f92ef,result exactness,classification accuracy,general,Computer Science,Machine Learning,verified,pps_obvious_2026_06_18,0,0,0,0.0,likely_tortured,0.99,2026-01-20T08:11:59.095666+00:00
b8b1d419-81ad-4482-8c97-b4c2a8efc583,retroft systems,retrofit systems,,Engineering,Mechanical,verified,ai_detection,0,0,0,0.0,likely_tortured,0.99,2026-05-20T14:58:03.613496+00:00
11a7fc99-e8ce-43c8-9254-36a0e5d7d05e,review and exactness,recall and precision,general,Medicine,Public Health,verified,pps_obvious_2026_06_18,0,0,0,0.0,likely_tortured,0.99,2026-01-20T08:12:00.120634+00:00
27427d9c-9bee-42fc-add2-5c5e7f5484bf,ribonucleic corrosive,ribonucleic acid,general,Biology,Molecular Biology,verified,tortured_csv,0,0,0,0.0,likely_tortured,0.99,2026-01-20T08:12:00.579459+00:00
3850ef17-47cc-40c1-9087-2013ed822198,ribosomal RNA huge subunit,ribosomal RNA large subunit,general,Biology,Molecular Biology,verified,pps_obvious_2026_06_18,0,0,0,0.0,likely_tortured,0.99,2026-01-20T08:12:03.003510+00:00
ed79f29a-59e3-4d95-812c-e45cb4082934,romp a especially important role,play a crucial role,,Engineering,Electrical,verified,ai_detection,0,0,0,0.0,likely_tortured,0.99,2026-06-04T10:38:52.930093+00:00
b3e36475-cf41-425c-a168-f00c8437b739,Rouge Access point,Rogue Access Point,,,,verified,ai_detection,0,0,0,0.0,likely_tortured,0.99,2026-04-21T05:35:08.844634+00:00
ae795a01-46ba-4b61-b0aa-244799b6555a,"route, direction and control","Navigation, Guidance and Control (NGC)",general,Engineering,,verified,pps_obvious_2026_06_18,0,0,0,0.0,likely_tortured,0.99,2026-01-20T08:12:02.530908+00:00
dc2196a3-e5d2-496b-922c-f07bb1643957,rporting tool advantage,reporting tool advantage,,Medicine,,verified,ai_detection,0,0,0,0.0,likely_tortured,0.99,2026-06-17T11:05:26.177252+00:00
d7b82c61-cbd8-4ed0-9d68-f42b5a7d0734,rural yield,agricultural yield,general,Environmental Science,Risk Management,verified,pps_obvious_2026_06_18,0,0,0,0.0,likely_not_tortured,0.8,2026-01-20T08:11:59.309351+00:00
a4fb0d00-8264-4fb2-9b87-f2f334c42e1e,savvy lattice,smart network,general,Chemistry,,verified,pps_obvious_2026_06_18,0,0,0,0.0,likely_tortured,0.99,2026-01-20T08:11:59.540422+00:00
c8fc5343-7d40-4479-bf78-d44dd729e08c,schedule and recurrence areas,time and frequency domains,general,Engineering,Signal Processing,verified,pps_obvious_2026_06_18,0,0,0,0.0,likely_tortured,0.0,2026-01-20T08:12:02.097164+00:00
664f4fe9-99ed-420e-ae8a-a293f1e5ce4d,scholar mastering consequence,student learning outcome,general,Physics,,verified,pps_obvious_2026_06_18,0,0,0,0.0,likely_tortured,0.99,2026-01-20T08:12:02.272374+00:00
9b3bdd89-4f04-4ee7-a009-af332be8b6b4,school education data,training data,general,Computer Science,Data Science,verified,pps_obvious_2026_06_18,0,0,0,0.0,likely_not_tortured,0.7,2026-01-20T08:11:58.419514+00:00
d8f1eeb6-37a6-454f-a7c1-47290f7a153c,schooling information,training data,technical,,,verified,pps_obvious_2026_06_18,,,,,not_reviewed,,2026-06-19T09:14:30.298171+00:00
47a61b55-e06d-4e8d-b3a7-c1ca129d9f21,search a wide selection of,search multiple,technical,,,verified,pps_obvious_2026_06_18,,,,,not_reviewed,,2026-06-19T09:14:30.298171+00:00
9221e146-9664-4eb2-8ccb-15f1c9d0c470,secret (hidden) layers,hidden layers,general,Computer Science,Networking,verified,pps_obvious_2026_06_18,0,0,0,0.0,likely_not_tortured,0.9,2026-01-20T08:12:01.808668+00:00
6beeecdb-2362-41f6-af61-dde83c5c6768,secret layer,hidden layer,general,Computer Science,Machine Learning,verified,pps_obvious_2026_06_18,1,1,0,1.0,likely_tortured,0.99,2026-01-20T08:11:58.419514+00:00
b2814bec-a2a9-4689-bd71-fb8da446dd7d,secret LSTM,hidden LSTM,general,Computer Science,Machine Learning,verified,pps_obvious_2026_06_18,0,0,0,0.0,likely_not_tortured,0.8,2026-01-20T08:12:02.153764+00:00
f4e01ccd-7f45-4013-8c03-22fba97f54ca,secret Markov,Hidden Markov Model (HMM),general,General,,verified,pps_obvious_2026_06_18,0,0,0,0.0,likely_tortured,0.0,2026-01-20T08:11:59.309351+00:00
84596c5e-41ab-4386-b1ca-389853b92404,secret neuron,hidden neuron,general,Computer Science,Neural Networks,verified,pps_obvious_2026_06_18,0,0,0,0.0,likely_tortured,0.99,2026-01-20T08:11:59.245957+00:00
56a74142-4d0b-4fa8-8d49-91699ef91503,secret node,hidden node,general,Computer Science,Computer Vision,verified,pps_obvious_2026_06_18,0,0,0,0.0,likely_tortured,0.99,2026-01-20T08:11:58.780182+00:00
0751fdad-2f8a-4ff0-b7f2-2819e52a8a6f,Secret word Authenticated Key Trade,Password Authenticated Key Exchange (PAKE),general,Computer Science,Cryptography,verified,pps_obvious_2026_06_18,0,0,0,0.0,likely_tortured,1.0,2026-01-20T08:12:02.824766+00:00
eaf1c46b-13c6-4e3c-bcb7-1b2db5a136f9,selection bush,decision tree,general,Computer Science,Machine Learning,verified,pps_obvious_2026_06_18,0,0,0,0.0,likely_tortured,0.99,2026-01-20T08:11:59.379143+00:00
c0855884-ba05-4882-b377-6444eec31fcb,selection bushes,decision trees,general,General,,verified,pps_obvious_2026_06_18,0,0,0,0.0,likely_tortured,0.99,2026-01-20T08:11:59.245957+00:00
39dcdde7-6e18-4477-bbb5-e8b23b1ea667,selection making,decision making,general,Psychology,,verified,pps_obvious_2026_06_18,0,0,0,0.0,likely_tortured,0.0,2026-01-20T08:11:58.334592+00:00
6932e338-47c6-46ec-9788-8275be56c40a,self-arranging counterfeit neural organizations,self-organizing artificial neural networks,general,Computer Science,Neural Networks,verified,pps_obvious_2026_06_18,0,0,0,0.0,likely_tortured,0.99,2026-01-20T08:12:03.573677+00:00
76d97ea9-4afd-4463-845b-4d315c6b3614,self ompacting oncrete,self-compacting concrete,,Engineering,Mechanical,verified,ai_detection,0,0,0,0.0,likely_tortured,0.99,2026-04-16T20:02:12.058919+00:00
0d0133af-5108-4a5b-84a3-a2b7b3402dca,semi-regulated calculation,semi-supervised algorithm,general,Computer Science,Machine Learning,verified,pps_obvious_2026_06_18,0,0,0,0.0,likely_tortured,0.99,2026-01-20T08:12:01.373988+00:00
1f1f858b-32ed-413f-a01c-ae5ad859038f,sequential forward choice,sequential forward selection (SFS),general,Chemistry,,verified,pps_obvious_2026_06_18,0,0,0,0.0,likely_tortured,0.0,2026-01-20T08:12:01.978925+00:00
39dacb32-38c0-4783-954f-10151d2de28a,shadiness taking care of,fog computing,general,Computer Science,Cloud Computing,verified,tortured_csv,0,0,0,0.0,likely_tortured,0.99,2026-01-20T08:12:02.710910+00:00
a1c5a040-c1be-491b-962e-82a472b62846,shading co-event lattice,Color Co-occurrence Matrix (CCM),general,General,,verified,pps_obvious_2026_06_18,0,0,0,0.0,likely_tortured,0.99,2026-01-20T08:12:01.808668+00:00
9d2ef8b7-6212-4318-9f73-c9f8d7c4b5ca,shrewd agreement,smart contract,general,Computer Science,Blockchain,verified,pps_obvious_2026_06_18,0,0,0,0.0,likely_tortured,0.99,2026-01-20T08:11:58.780182+00:00
0fa0990f-5e35-42f1-b174-5cac28bb59bc,shrewd assembling,intelligent manufacturing,general,Engineering,Manufacturing,verified,pps_obvious_2026_06_18,0,0,0,0.0,likely_tortured,0.0,2026-01-20T08:12:00.413699+00:00
827b87b8-1db8-403e-9699-b8979c5c7ab2,shrewd circulation network,smart network,general,General,,verified,pps_obvious_2026_06_18,0,0,0,0.0,likely_tortured,0.95,2026-01-20T08:12:02.710910+00:00
c4b12b20-7493-4718-8cb6-f6adbe913e56,shrewd city,smart city,general,General,Smart Cities,verified,pps_obvious_2026_06_18,0,0,0,0.0,likely_tortured,0.99,2026-01-20T08:11:58.838622+00:00
15ee1552-38f4-4968-8dda-4fc418f64437,shrewd contract,smart contract,general,Computer Science,Neural Networks,verified,pps_obvious_2026_06_18,0,0,0,0.0,likely_tortured,0.99,2026-01-20T08:11:59.379143+00:00
172e1b10-469e-4e70-96a6-428ee694fd9d,shrewd FinTech,smart FinTech,general,Computer Science,Cybersecurity,verified,pps_obvious_2026_06_18,0,0,0,0.0,likely_not_tortured,0.8,2026-01-20T08:12:03.073626+00:00
8b4b8967-9c21-4796-8f26-47f5781a4550,shrewd gadget,smart device,general,Computer Science,Smart Devices,verified,pps_obvious_2026_06_18,0,0,0,0.0,likely_tortured,0.0,2026-01-20T08:11:58.780182+00:00
d73ce267-41c5-4498-b680-ffb261135da9,shrewd home,smart home,general,Computer Science,Smart Homes,verified,pps_obvious_2026_06_18,0,0,0,0.0,likely_tortured,0.99,2026-01-20T08:11:58.780182+00:00
8937e83d-0fe0-4976-88b6-0f9b88509054,shrewd household,smart home,general,General,,verified,pps_obvious_2026_06_18,0,0,0,0.0,likely_tortured,0.0,2026-01-20T08:12:00.716324+00:00
fe759f79-ea8a-4f6c-93ff-28e18b843017,shrewd implanted frameworks,smart embedded systems,general,Computer Science,Distributed Systems,verified,pps_obvious_2026_06_18,0,0,0,0.0,likely_tortured,0.0,2026-01-20T08:12:03.073626+00:00
d7b97f11-1845-4d68-8705-682d4c5d06e0,shrewd lattice,smart network,general,Environmental Science,,verified,pps_obvious_2026_06_18,0,0,0,0.0,likely_tortured,0.0,2026-01-20T08:11:59.724741+00:00
02e18ac7-4fd9-4227-b571-8e6678fb5823,shrewd lighting,smart lighting,general,General,,verified,pps_obvious_2026_06_18,0,0,0,0.0,likely_tortured,0.95,2026-01-20T08:12:01.028172+00:00
c1d6e049-4915-43d6-af52-85493ce96d0e,shrewd loaning,smart lending,general,General,,verified,pps_obvious_2026_06_18,0,0,0,0.0,likely_tortured,0.0,2026-01-20T08:12:03.073626+00:00
cf4c9889-883d-4583-88ef-f3a79764e41f,shrewd matrix,smart grid,general,Engineering,Smart Grid,verified,pps_obvious_2026_06_18,0,0,0,0.0,likely_tortured,0.99,2026-01-20T08:11:59.724741+00:00
703689eb-6061-4c80-8a08-d3b8419b4a71,shrewd metering,smart metering,general,Biology,,verified,pps_obvious_2026_06_18,0,0,0,0.0,likely_tortured,0.99,2026-01-20T08:12:00.802180+00:00
093df3a3-7c5b-41c9-b376-87fd1ce77628,shrewd observe,smart watch,general,General,,verified,pps_obvious_2026_06_18,0,0,0,0.0,likely_tortured,0.99,2026-01-20T08:12:01.865548+00:00
714db718-3e24-4895-a8e2-a1eddce25a43,shrewd relating contract,smart contract,general,Computer Science,Blockchain,verified,pps_obvious_2026_06_18,0,0,0,0.0,likely_tortured,0.99,2026-01-20T08:12:02.473603+00:00
b77391db-577e-4b37-ade0-d71447907f9b,shrewd sensors,smart sensors,general,Computer Science,Sensors,verified,pps_obvious_2026_06_18,0,0,0,0.0,likely_tortured,0.99,2026-01-20T08:11:59.309351+00:00
08012ca3-4233-485f-a5cc-fb80344dd5b4,shrewd traffic light,smart traffic light,general,Engineering,,verified,pps_obvious_2026_06_18,0,0,0,0.0,likely_tortured,0.0,2026-01-20T08:12:01.516317+00:00
00ef5c5d-6ff5-4125-a123-e355a9e47526,shrewd transportation,intelligent transportations,general,Engineering,Imaging,verified,pps_obvious_2026_06_18,0,0,0,0.0,likely_tortured,0.99,2026-01-20T08:11:59.457436+00:00
42cdaa61-1249-4c01-8823-8dcbf378fbee,shrewd transport systems,intelligent transport systems,general,General,,verified,pps_obvious_2026_06_18,0,0,0,0.0,likely_tortured,0.0,2026-01-20T08:12:02.272374+00:00
362c09ed-fe5a-4f0e-9829-3c11fa45a7e3,shrewd urban communities,smart cities,general,General,,verified,pps_obvious_2026_06_18,0,0,0,0.0,likely_not_tortured,0.7,2026-01-20T08:11:59.023927+00:00
74f73a67-22a3-4bd1-b1d6-2cf35abc47b5,shrewd vehicle,smart vehicle,general,Engineering,Automotive Engineering,verified,pps_obvious_2026_06_18,0,0,0,0.0,likely_tortured,0.99,2026-01-20T08:11:59.379143+00:00
7a77a830-873d-4076-a94f-b2038d7d2c1e,shrouded neuron,hidden neuron,general,Computer Science,Neural Networks,verified,pps_obvious_2026_06_18,0,0,0,0.0,likely_tortured,0.99,2026-01-20T08:12:00.055451+00:00
0c4e022c-fb60-498d-b37e-5d92491f387d,shut circle supply administration,closed-loop reservoir management (CLRM),general,Computer Science,,verified,pps_obvious_2026_06_18,0,0,0,0.0,likely_tortured,0.0,2026-01-20T08:12:03.510000+00:00
43cfebdf-19bc-4b13-b3f1-90ecb8cbffc1,sickle cell ailments,sickle cell disease,general,Medicine,,verified,pps_obvious_2026_06_18,0,0,0,0.0,likely_tortured,1.0,2026-01-20T08:12:01.516317+00:00
01c9e54a-2e38-4140-99e9-27636f4a6b66,sickness recognizable proof,disease identification,general,Medicine,,verified,pps_obvious_2026_06_18,0,0,0,0.0,likely_tortured,0.0,2026-01-20T08:12:01.142942+00:00
ba16bc03-96d5-4f22-9007-025fd5ca11d7,signing acknowledgment,signing / sign language recognition,general,Computer Science,,verified,pps_obvious_2026_06_18,0,0,0,0.0,likely_not_tortured,0.7,2026-01-20T08:12:00.120634+00:00
bffbe4eb-9de1-4361-b621-21a6d5d4044c,sign to commotion,signal to noise,general,Computer Science,Signal Processing,verified,tortured_csv,0,0,0,0.0,likely_tortured,0.99,2026-01-20T08:11:59.165415+00:00
492463d2-16d7-4257-a18d-756b899bdc87,sign to-fuss extent,signal-to-noise ratio,general,Psychology,,verified,tortured_csv,0,0,0,0.0,likely_tortured,0.99,2026-01-20T08:12:02.272374+00:00
da0797ea-f37f-479c-991c-b8482c0d11e3,similitude chain,Similarity chain,general,Mathematics,,verified,pps_obvious_2026_06_18,0,0,0,0.0,likely_tortured,0.0,2026-01-20T08:12:02.211628+00:00
3ac511d8-7c2b-4474-95e0-86a96352b0e0,sincere Bayes,naive Bayes,general,Computer Science,Machine Learning,verified,tortured_csv,0,0,0,0.0,likely_tortured,0.99,2026-01-20T08:12:01.316487+00:00
0d843cbb-519d-4d3b-aee7-e8836d638ee7,single point disappointment,single point failure,general,Engineering,,verified,pps_obvious_2026_06_18,0,0,0,0.0,likely_tortured,0.99,2026-01-20T08:12:00.802180+00:00
e55d6f22-1a91-4feb-aeb3-4b15035821d2,SINGULAR VALUE DECOPSITION,SINGULAR VALUE DECOMPOSITION,,Computer Science,Machine Learning,verified,ai_detection,0,0,0,0.0,likely_tortured,0.99,2026-06-15T10:46:11.670875+00:00
e4eea01c-22fa-4bf5-9b8f-8386e4475316,sinister ventricle,left ventricle,general,Psychology,,verified,tortured_csv,0,0,0,0.0,likely_tortured,0.99,2026-01-20T08:12:01.921143+00:00
8afdb53b-535f-4136-8222-13f1720a881f,skin malignancy infection,skin cancer,general,General,,verified,pps_obvious_2026_06_18,0,0,0,0.0,likely_tortured,0.99,2026-01-20T08:12:02.037476+00:00
37354e0e-0b11-4fda-abd9-9709c120df16,skin malignant growth,skin cancer,general,General,,verified,pps_obvious_2026_06_18,0,0,0,0.0,likely_tortured,0.99,2026-01-20T08:11:58.898948+00:00
e2d8a605-a525-41fd-b2d1-011ba5baa36b,slanted supply route,inclined channel,general,Engineering,,verified,pps_obvious_2026_06_18,0,0,0,0.0,likely_tortured,0.0,2026-01-20T08:12:01.978925+00:00
180ba4ca-a244-4cf9-b773-8b9f9cf68b2a,Smells food,food perception,,Medicine,,verified,ai_detection,0,0,0,0.0,likely_tortured,0.99,2026-06-17T15:20:28.779477+00:00
09ae3bca-f827-4a67-abaa-2a5461c7c526,SMOT,SMOTE,,,,verified,ai_detection,0,0,0,0.0,likely_tortured,0.99,2026-01-30T06:47:20.096151+00:00
e809825d-4c5b-4e1a-9ffc-a2caf83aa3c5,social design grounded assault,social engineering based attack,general,General,,verified,pps_obvious_2026_06_18,0,0,0,0.0,likely_tortured,0.99,2026-01-20T08:12:02.881616+00:00
c321656d-dbe2-4bcc-8ef6-d10f2bd9d81c,social plan grounded assault,social engineering based attack,general,Environmental Science,,verified,pps_obvious_2026_06_18,0,0,0,0.0,likely_tortured,0.99,2026-01-20T08:12:03.387766+00:00
5c9be1a1-7ea9-4c1e-89c7-3c87cfee576d,solitary esteem decay,singular value decomposition,general,Mathematics,Linear Algebra,verified,tortured_csv,0,0,0,0.0,likely_tortured,0.99,2026-01-20T08:12:01.751819+00:00
5d7a3741-1ec8-4173-a8a3-4fdc3cba6fff,speaker acknowledgement framework,speaker recognition system,general,General,,verified,pps_obvious_2026_06_18,0,0,0,0.0,likely_tortured,0.99,2026-01-20T08:12:01.694044+00:00
14a42406-430d-4fa1-9167-ad83ce47a541,speaker acknowledgment framework,speaker recognition system,general,Computer Science,Speech Recognition,verified,pps_obvious_2026_06_18,0,0,0,0.0,likely_tortured,0.0,2026-01-20T08:12:01.085511+00:00
27590a25-0f6a-4a31-b440-09dd9ded82b0,speaker distinguishing proof,speaker verification,general,General,,verified,pps_obvious_2026_06_18,0,0,0,0.0,likely_tortured,0.0,2026-01-20T08:12:01.257942+00:00
475bbd4c-f27e-4b60-8379-ecd67514daa1,speaker recognizable proof,speaker verification,general,General,,verified,pps_obvious_2026_06_18,0,0,0,0.0,likely_tortured,0.0,2026-01-20T08:12:00.913838+00:00
cedf1f69-a6d0-4851-be87-88107931fbe7,speaker's identifiable proof,speaker identification,general,Psychology,,verified,pps_obvious_2026_06_18,0,0,0,0.0,likely_tortured,0.99,2026-01-20T08:12:02.361211+00:00
f67f8cec-ae8b-4b92-ad6c-6b92fad464cf,speaking neural network,Spiking Neural Network,general,General,,verified,pps_obvious_2026_06_18,0,0,0,0.0,likely_tortured,0.99,2026-01-20T08:11:58.838622+00:00
363e65d5-7528-487b-84c9-86f41684a0d8,species distinguishing proof,species identification,general,Computer Science,Neural Networks,verified,pps_obvious_2026_06_18,0,0,0,0.0,likely_tortured,0.0,2026-01-20T08:12:00.501885+00:00
80e2c0c0-71d5-4040-89b0-22f9949cdb32,species recognizable proof,species identification,general,Biology,Taxonomy,verified,pps_obvious_2026_06_18,0,0,0,0.0,likely_tortured,0.0,2026-01-20T08:12:00.579459+00:00
ca01185d-d4c2-447c-b0b9-17a497314cd7,speech gathering limit,speech reception threshold (SRT),general,Computer Science,,verified,pps_obvious_2026_06_18,0,0,0,0.0,likely_tortured,0.99,2026-01-20T08:12:02.941195+00:00
c0aca2ab-ecec-4b72-8819-56c167d8ae71,speech signal preparing,speech signal processing,general,Mathematics,,verified,pps_obvious_2026_06_18,0,0,0,0.0,likely_tortured,0.99,2026-01-20T08:12:02.097164+00:00
4e5c53cf-8a26-4777-b935-7c46f83e1160,speech word acknowledgement,speech recognition,general,Chemistry,,verified,pps_obvious_2026_06_18,0,0,0,0.0,likely_tortured,0.99,2026-01-20T08:12:03.510000+00:00
55e78063-b57e-4948-87a3-342bacb12783,speech word acknowledgment,speech recognition,general,General,,verified,pps_obvious_2026_06_18,0,0,0,0.0,likely_tortured,0.99,2026-01-20T08:12:03.135413+00:00
f12acca1-1d76-4c5a-916f-8ba3f675c39e,sporadic neural system (RNN),recurrent neural network (RNN),general,Computer Science,Neural Networks,verified,pps_obvious_2026_06_18,0,0,0,0.0,likely_tortured,0.99,2026-01-20T08:12:02.824766+00:00
c7c24292-8a72-486a-80fb-eded6ae7a5ad,spotless discourse of the objective speaker,clean speech of the target speaker,general,Medicine,,verified,pps_obvious_2026_06_18,0,0,0,0.0,likely_tortured,0.99,2026-01-20T08:12:03.387766+00:00
34b406f3-ba2d-4692-b493-56f0ff054a1d,SSH assault,SSH attack,general,Chemistry,,verified,pps_obvious_2026_06_18,0,0,0,0.0,likely_tortured,0.99,2026-01-20T08:12:01.316487+00:00
b211b593-9817-43c8-bf05-778b9d6e97fc,store unit aqueduct,byte stream,general,Computer Science,Data Transmission,verified,tortured_csv,0,0,0,0.0,likely_tortured,0.99,2026-01-20T08:12:02.530908+00:00
120504d4-70aa-4345-a2c5-e6705821b02a,stowed-away example,hidden pattern,general,Mathematics,,verified,pps_obvious_2026_06_18,0,0,0,0.0,likely_tortured,0.0,2026-01-20T08:12:00.251055+00:00
cb32190c-cfbb-432b-af12-6a813e6a62ba,straight and non-direct issues,linear and non-linear problems,general,Mathematics,,verified,pps_obvious_2026_06_18,0,0,0,0.0,likely_tortured,0.99,2026-01-20T08:12:01.694044+00:00
43ef7235-220d-4484-857c-bb62c656194c,straight backslide,linear regression,general,Mathematics,Statistics,verified,pps_obvious_2026_06_18,0,0,0,0.0,likely_tortured,0.0,2026-01-20T08:12:00.182559+00:00
96509697-c2aa-49a4-a44a-6ca9d2c1095f,straight capability,linear function,general,Mathematics,Functions,verified,pps_obvious_2026_06_18,0,0,0,0.0,likely_tortured,0.0,2026-01-20T08:12:00.328837+00:00
81e87bea-5468-4d03-a7e4-59e15c8faaab,straight characterization,linear classification,general,Computer Science,Machine Learning,verified,pps_obvious_2026_06_18,0,0,0,0.0,likely_tortured,0.0,2026-01-20T08:12:00.055451+00:00
edc716a0-20ba-43cb-8d3a-cce45a07dfd2,straight differential condition,linear differential equation,general,Mathematics,Differential Equations,verified,pps_obvious_2026_06_18,0,0,0,0.0,likely_tortured,0.0,2026-01-20T08:12:01.257942+00:00
b1d864df-4ead-4301-9b3d-30bbcf0092b7,straight discriminant examination,Linear Discriminant Analysis (LDA),general,Mathematics,Regression Analysis,verified,pps_obvious_2026_06_18,0,0,0,0.0,likely_tortured,0.99,2026-01-20T08:12:00.501885+00:00
ec857ac7-05e9-4658-b3bb-117ca03104fe,straight discriminate classifier (LDA),linear discriminant analysis (LDA),general,General,,verified,pps_obvious_2026_06_18,0,0,0,0.0,likely_tortured,0.0,2026-01-20T08:12:02.037476+00:00
b87c217c-0949-4d37-b52a-e99f7c3d1002,straight expectation cepstrum coefficient,linear prediction cepstral coefficient (LPCC),general,Engineering,Signal Processing,verified,pps_obvious_2026_06_18,0,0,0,0.0,likely_tortured,0.0,2026-01-20T08:12:02.530908+00:00
41813a09-bc8c-492a-99f2-1e619f159b73,straight exterior speculation,foreign direct investment,general,General,,verified,pps_obvious_2026_06_18,0,0,0,0.0,likely_tortured,0.0,2026-01-20T08:12:02.768871+00:00
4fb1363a-8db6-473f-b408-35f807f4084a,straight fleeting rationale,Linear Temporal Logic (LTL),general,Mathematics,Logic,verified,pps_obvious_2026_06_18,0,0,0,0.0,likely_tortured,1.0,2026-01-20T08:12:02.881616+00:00
b2772475-f706-4ae6-abac-506a5eb6634b,straight hyperplanes,linear hyperplanes,general,Mathematics,,verified,pps_obvious_2026_06_18,0,0,0,0.0,likely_tortured,0.99,2026-01-20T08:11:58.963885+00:00
d51c92a0-0d11-4b58-8b78-0121bbf2c6fc,straightly detachable information,linearly separable data,general,Computer Science,Machine Learning,verified,pps_obvious_2026_06_18,0,0,0,0.0,likely_tortured,0.0,2026-01-20T08:12:02.473603+00:00
53165dda-55ca-45d8-8989-ec600bbae4f5,straightly dispersed recurrence groups,linearly distributed frequency bands,general,General,,verified,pps_obvious_2026_06_18,0,0,0,0.0,likely_tortured,0.0,2026-01-20T08:12:03.073626+00:00
6b20bde3-6483-40f6-9a69-b6d93bbd9604,straightly distinct information,linearly separable data,general,Computer Science,Machine Learning,verified,pps_obvious_2026_06_18,0,0,0,0.0,likely_tortured,0.99,2026-01-20T08:12:01.865548+00:00
52a3cffd-96ae-4682-928e-61c1fd040679,straightly indivisible information,linearly non-separable data,general,General,,verified,pps_obvious_2026_06_18,0,0,0,0.0,likely_tortured,0.0,2026-01-20T08:12:03.135413+00:00
00003735-d26d-4417-85f5-7ee2827411c1,straight polarization,linear polarization,general,Environmental Science,Atmosphere,verified,pps_obvious_2026_06_18,0,0,0,0.0,likely_tortured,0.0,2026-01-20T08:11:59.540422+00:00
a5867831-9a69-419e-815d-76f8f6122d30,straight recognition scope,linear detection range,technical,,,verified,pps_obvious_2026_06_18,,,,,not_reviewed,,2026-06-19T09:14:30.298171+00:00
911903b9-6814-4145-8fe4-0df4ef6ee5c5,straight relapse,linear regression,general,Mathematics,Statistics,verified,pps_obvious_2026_06_18,0,0,0,0.0,likely_tortured,0.0,2026-01-20T08:11:58.538212+00:00
00713f0a-58ef-46b6-aeb3-9b9ae192eda3,straight technique,linear technique,general,Mathematics,,verified,pps_obvious_2026_06_18,0,0,0,0.0,likely_tortured,0.99,2026-01-20T08:11:58.963885+00:00
5fd80c7e-fea2-454f-adaa-a4766453690d,strait and recursive recurrence,recursive algorithm,general,Computer Science,Algorithms,verified,pps_obvious_2026_06_18,0,0,0,0.0,likely_tortured,0.99,2026-01-20T08:12:03.510000+00:00
4f003f61-32e5-4403-a808-8daf33038741,strategy recurrence,logistic regression,general,Mathematics,Statistics,verified,pps_obvious_2026_06_18,0,0,0,0.0,likely_tortured,0.0,2026-01-20T08:11:58.662706+00:00
96dddae1-9fcb-407c-8fe2-657252e36f84,strengthen vector machine,support vector machine (SVM),general,Computer Science,Machine Learning,verified,pps_obvious_2026_06_18,0,0,0,0.0,likely_tortured,0.99,2026-01-20T08:12:01.978925+00:00
042a83db-6f9a-4d41-9e1f-9f7b772457dc,suboptimal neural architecture,convolutional neural network (CNN),general,Computer Science,Machine Learning,verified,pps_obvious_2026_06_18,0,0,0,0.0,likely_tortured,0.0,2026-01-20T08:12:01.085511+00:00
ad9cbd6b-8672-45bb-be51-9aec04359c6d,substantial cerebral association,deep neural network,general,Environmental Science,,verified,pps_obvious_2026_06_18,0,0,0,0.0,likely_tortured,0.99,2026-01-20T08:12:02.768871+00:00
15301dcf-3b6e-4ebe-bcab-18e20c5a571a,substantial internet based life information,online data,general,Computer Science,Speech Processing,verified,pps_obvious_2026_06_18,0,0,0,0.0,likely_tortured,0.0,2026-01-20T08:12:02.710910+00:00
35f9b9ba-a435-47ab-97e3-dc0465e13135,substantial metal ions,heavy metal ions,general,Chemistry,,verified,pps_obvious_2026_06_18,0,0,0,0.0,likely_tortured,0.0,2026-01-20T08:11:59.245957+00:00
880c7aec-6494-4f0c-b396-14e38ae96fde,substantial metallic particles,Heavy metal ions,general,General,,verified,pps_obvious_2026_06_18,0,0,0,0.0,likely_not_tortured,0.7,2026-01-20T08:12:01.808668+00:00
bd166c8b-4af1-414c-b1a5-579a29a0661f,substantial metals,heavy metals,general,Chemistry,,verified,pps_obvious_2026_06_18,0,0,0,0.0,likely_tortured,0.99,2026-01-20T08:11:58.334592+00:00
69b3385f-c420-4b44-a138-88e6c79d2f8b,suggestssquared error,mean squared error,general,Computer Science,Machine Learning,verified,tortured_csv,0,0,0,0.0,likely_tortured,0.99,2026-01-20T08:12:02.596202+00:00
b1077134-ac7a-440e-97d9-0be7ad6c92c9,summed up straight blended model,Generalized Linear Mixed Model (GLMM),general,Computer Science,Machine Learning,verified,pps_obvious_2026_06_18,0,0,0,0.0,likely_tortured,0.0,2026-01-20T08:12:02.768871+00:00
f203a4e2-cc0c-4e06-bca2-8e4a47808666,Summed-up Straight Unique Models,Generalized Linear Dynamic Models,general,Mathematics,,verified,pps_obvious_2026_06_18,0,0,0,0.0,likely_tortured,0.99,2026-01-20T08:12:02.653403+00:00
a9a81bda-2027-4b33-8809-76f65b07f0de,super vector machine,support vector machine (SVM),general,Computer Science,Image Processing,verified,pps_obvious_2026_06_18,0,0,0,0.0,likely_tortured,0.0,2026-01-20T08:11:58.538212+00:00
a1da1e42-d454-4c47-8117-39dc943359ef,supervised device mastering,supervised machine learning,general,Engineering,,verified,pps_obvious_2026_06_18,0,0,0,0.0,likely_tortured,0.0,2026-01-20T08:12:01.200878+00:00
f61d8af9-b7c3-473c-baba-0acdd93138ef,supervised mastering,supervised learning,general,Computer Science,Cloud Computing,verified,pps_obvious_2026_06_18,0,0,0,0.0,likely_tortured,0.99,2026-01-20T08:11:58.838622+00:00
ac310014-fd02-4feb-b7bb-5c73fab1249d,supply chain control,supply chain management (SCM),general,General,,verified,pps_obvious_2026_06_18,0,0,0,0.0,likely_not_tortured,0.8,2026-01-20T08:11:58.334592+00:00
77afe92e-136d-4fc0-8a47-be2c8daf23c4,supply cloth,source material,general,Computer Science,Machine Learning,verified,pps_obvious_2026_06_18,0,0,0,0.0,likely_tortured,0.99,2026-01-20T08:11:59.379143+00:00
e4a85238-a52c-4d9f-80a1-b3fdcb3c77ee,supportable force useses,renewable energy consumption,general,Computer Science,Machine Learning,verified,tortured_csv,0,0,0,0.0,likely_tortured,0.99,2026-01-20T08:12:03.003510+00:00
38f4033d-9824-467e-b67b-178a6f6dc3ef,sustain vector machine,support vector machine (SVM),general,Chemistry,,verified,pps_obvious_2026_06_18,0,0,0,0.0,likely_tortured,0.0,2026-01-20T08:12:01.200878+00:00
cda5662d-a631-40d4-ab37-d9bdc2655537,switch disinclination engine,switch reluctance motor,general,Psychology,,verified,tortured_csv,0,0,0,0.0,likely_tortured,0.99,2026-01-20T08:12:02.941195+00:00
58f07667-a67e-4cd7-9aac-e89985567db4,switch interpretation,reverse transcriptase,general,Biology,Molecular Biology,verified,pps_obvious_2026_06_18,0,0,0,0.0,likely_tortured,0.99,2026-01-20T08:11:59.165415+00:00
e4c89944-aef1-43b8-a268-98e3a6618db7,switch mastering,transfer learning,general,Computer Science,Machine Learning,verified,pps_obvious_2026_06_18,0,0,0,0.0,likely_tortured,0.0,2026-01-20T08:11:59.165415+00:00
8489987a-fc37-466a-ad36-6c23d9ec98cc,Sybil assault,Sybil attack,general,Computer Science,Security,verified,pps_obvious_2026_06_18,0,0,0,0.0,likely_not_tortured,0.9,2026-01-20T08:11:58.662706+00:00
07fa9b9e-c81d-43ec-a815-35503a38950d,Syble Attack,Sybil Attack,,Computer Science,Artificial Intelligence,verified,ai_detection,0,0,0,0.0,likely_tortured,0.99,2026-04-16T13:24:45.966874+00:00
15780c2f-74d0-4f98-8f1f-5d35e2ccb893,Symmetrical recurrence division multiplexing,Orthogonal Frequency Division Multiplexing (OFDM),general,Engineering,,verified,pps_obvious_2026_06_18,0,0,0,0.0,likely_tortured,0.99,2026-01-20T08:12:00.182559+00:00
5dc293da-fd34-4704-8789-3b5d10052f47,symmetrical recurrence multiple access,Orthogonal frequency-division multiplexing (OFDM),general,General,,verified,pps_obvious_2026_06_18,0,0,0,0.0,likely_tortured,0.0,2026-01-20T08:12:02.768871+00:00
ab6135de-bdfc-4bce-a207-8cde8d2aa160,synthesized discourse,synthesized speech,general,Computer Science,Natural Language Processing,verified,pps_obvious_2026_06_18,0,0,0,0.0,likely_tortured,0.99,2026-01-20T08:11:59.842122+00:00
9042139b-fe85-4414-b73a-21618c8e2f99,synthetic neural community,artificial neural network,general,General,,verified,pps_obvious_2026_06_18,0,0,0,0.0,likely_tortured,0.99,2026-01-20T08:11:59.245957+00:00
effa3904-9621-49db-b32d-8940676d2816,system mastering strategies,machine learning techniques,general,General,,verified,pps_obvious_2026_06_18,0,0,0,0.0,likely_tortured,0.99,2026-01-20T08:11:59.540422+00:00
994ff39e-239d-486b-a006-47bcf90e4103,tainting length-mindful irregular woods,infection-size-aware Random Forest,general,Mathematics,Statistics,verified,pps_obvious_2026_06_18,0,0,0,0.0,likely_tortured,0.99,2026-01-20T08:12:02.881616+00:00
c7e60c0d-a50f-4bc9-b3e4-3f982d4a7e5c,tall exactness,high accuracy,general,Computer Science,Image Processing,verified,pps_obvious_2026_06_18,0,0,0,0.0,likely_tortured,0.99,2026-01-20T08:11:59.309351+00:00
53fbe907-a6b1-4b49-a27a-56adc2c0de5f,tall level of exactness,high level of accuracy,general,General,,verified,pps_obvious_2026_06_18,0,0,0,0.0,likely_tortured,0.0,2026-01-20T08:12:01.637551+00:00
1fc1df1e-38e9-44ff-9278-82198a0f2031,tantamount exactness,comparable accuracy,general,General,,verified,pps_obvious_2026_06_18,0,0,0,0.0,likely_tortured,0.0,2026-01-20T08:12:01.921143+00:00
fff59205-9f28-4a67-88af-02d34add2216,term backwards report recurrence,Term Frequency-Inverse Document Frequency (TF-IDF),general,Computer Science,Information Retrieval,verified,pps_obvious_2026_06_18,0,0,0,0.0,likely_tortured,0.0,2026-01-20T08:12:02.211628+00:00
75a0aefd-b5cd-488e-bb9f-ce7fed5238c6,Term Recurrence - Backwards Record Recurrence,Term Frequency - Inverse Document Frequency,general,Medicine,Pathology,verified,pps_obvious_2026_06_18,0,0,0,0.0,likely_tortured,1.0,2026-01-20T08:12:01.373988+00:00
067d4eea-92b8-4033-b852-406798b10d92,term recurrence reverse record recurrence,Term Frequency Inverse Document Frequency (TF-IDF),general,Mathematics,Information Retrieval,verified,pps_obvious_2026_06_18,0,0,0,0.0,likely_tortured,1.0,2026-01-20T08:12:01.451973+00:00
c0fe6b0d-36ea-4120-8405-1d9d033ce170,term recurrence reverse report recurrence,term frequency-inverse document frequency (TF-IDF),general,General,,verified,pps_obvious_2026_06_18,0,0,0,0.0,likely_tortured,0.99,2026-01-20T08:12:01.751819+00:00
299fd32c-ab76-4357-a1bd-8e8514ebdef5,terrestrial optical maser scanning,terrestrial laser scanning,general,Engineering,Surveying,verified,pps_obvious_2026_06_18,0,0,0,0.0,likely_tortured,0.99,2026-01-20T08:12:02.361211+00:00
246d05d9-2eb0-4da6-bfe3-43788a133fd1,tesseract calculation,Tesseract algorithm,technical,,,verified,pps_obvious_2026_06_18,,,,,not_reviewed,,2026-06-19T09:14:30.298171+00:00
2b86235f-376e-44f1-8623-ff5afcd580e5,test arrangement,test set,general,General,,verified,pps_obvious_2026_06_18,0,0,0,0.0,likely_tortured,0.99,2026-01-20T08:11:58.334592+00:00
2ede3a7b-81ff-4cae-8332-8ad903b2323e,text arrangement,text classification,general,Computer Science,Natural Language Processing,verified,pps_obvious_2026_06_18,0,0,0,0.0,likely_tortured,0.99,2026-01-20T08:11:58.419514+00:00
f8642d97-0ef5-450b-b752-3f996de7e434,the most eﬀective seYings,the most effective settings,,,,verified,ai_detection,0,0,0,0.0,likely_tortured,0.99,2026-02-21T19:46:55.535659+00:00
8a3d45b5-7092-4bf1-8f20-63aa09fdca16,the take look at,the publication,general,Mathematics,Optimization,verified,tortured_csv,0,0,0,0.0,likely_tortured,0.99,2026-01-20T08:12:00.971704+00:00
0dc5b500-0429-4374-a562-b632b0e95f44,the taking after,the following,general,Computer Science,Neural Networks,verified,pps_obvious_2026_06_18,0,0,0,0.0,likely_tortured,0.0,2026-01-20T08:11:58.477753+00:00
84a5df1e-bfce-4fcd-8e8a-062107317d51,time and recurrence space,time and frequency space,general,Computer Science,Computer Vision,verified,pps_obvious_2026_06_18,0,0,0,0.0,likely_tortured,0.0,2026-01-20T08:12:00.120634+00:00
b4dc0923-eb04-468c-a8b2-d1ccafba0d07,Time Encoded Flag Preparing and Acknowledgment,Time Encoded Signal Processing and Recognition (TESPAR),general,Engineering,,verified,pps_obvious_2026_06_18,0,0,0,0.0,likely_tortured,0.0,2026-01-20T08:12:03.510000+00:00
1703d078-dd3a-47c1-9989-f8eab4741bee,time recurrence affiliation,time frequency representation,general,Engineering,,verified,pps_obvious_2026_06_18,0,0,0,0.0,likely_tortured,0.99,2026-01-20T08:12:02.530908+00:00
28fe5e58-f2df-4cf8-b05f-3a04fd953983,time recurrence area,time-frequency domain,general,Physics,Signal Processing,verified,pps_obvious_2026_06_18,0,0,0,0.0,likely_tortured,0.0,2026-01-20T08:12:00.413699+00:00
a7725022-5b29-43c4-95f5-06a9705d465a,time recurrence space,time-frequency domain,general,Physics,,verified,pps_obvious_2026_06_18,0,0,0,0.0,likely_tortured,0.99,2026-01-20T08:12:00.182559+00:00
25b29d7d-a287-455f-89e2-8ba971d04b8b,timing assault,timing attack (a cryptanalysis attack),general,Computer Science,Cryptography,verified,pps_obvious_2026_06_18,0,0,0,0.0,likely_tortured,0.99,2026-01-20T08:11:59.724741+00:00
38f4085e-db6b-49d1-9a89-dcb6f7f4d3be,tokenizatioing,tokenization,general,General,,verified,tortured_csv,0,0,0,0.0,likely_tortured,1.0,2026-01-20T08:12:03.201815+00:00
48c15f54-f7fe-4a87-b32d-dbc23517cb43,total manua delineation time,total manual delineation time,,Medicine,Oncology,verified,ai_detection,0,0,0,0.0,likely_tortured,0.99,2026-04-28T20:35:38.339062+00:00
f217cafe-f032-493a-9567-62457193a8fd,to the finest of our information,to the best of our knowledge,general,Physics,Energy,verified,pps_obvious_2026_06_18,0,0,0,0.0,likely_tortured,0.99,2026-01-20T08:12:00.055451+00:00
a9c79600-4b28-4860-ac22-592f3f158e7b,touchy information,sensitive data,general,Mathematics,,verified,pps_obvious_2026_06_18,0,0,0,0.0,likely_tortured,0.99,2026-01-20T08:11:58.606699+00:00
0172fce2-6c16-47bb-bcba-ad792fe95550,touchy inside syndrome,irritable bowels syndrome,general,Medicine,Gastroenterology,verified,tortured_csv,0,0,0,0.0,likely_tortured,0.99,2026-01-20T08:12:03.445369+00:00
0f5a5e08-6f02-47c8-b34f-824a4853954a,traffic thickness-based congestion the board calculation,traffic density-based congestion control algorithm,general,Medicine,,verified,pps_obvious_2026_06_18,0,0,0,0.0,likely_tortured,0.0,2026-01-20T08:12:02.710910+00:00
ab5cad9b-4bcc-408e-8586-4532df84317d,transcribed textual content acknowledgment,handwritten text recognition,general,Computer Science,Cybersecurity,verified,pps_obvious_2026_06_18,0,0,0,0.0,likely_tortured,0.99,2026-01-20T08:12:02.881616+00:00
1157a2a0-5b6a-4262-b9dd-400004e3d747,transfer mastering,transfer learning,general,Computer Science,Machine Learning,verified,pps_obvious_2026_06_18,0,0,0,0.0,likely_tortured,0.0,2026-01-20T08:11:58.898948+00:00
334144df-382b-4b89-aba2-397c42fc8fd7,Transfer (move) learning,transfer learning,general,Chemistry,,verified,pps_obvious_2026_06_18,0,0,0,0.0,likely_tortured,0.0,2026-01-20T08:12:02.653403+00:00
bdac4923-87ed-41c1-818e-ffc155c1744e,transferrbuiltintegrated,transfer also integrated,general,Mathematics,,verified,tortured_csv,0,0,0,0.0,likely_tortured,0.99,2026-01-20T08:12:02.361211+00:00
176212f8-3c8b-478b-84a2-abb38189af74,Transmission Control Convention,Transport Control Protocol (TCP),general,Mathematics,,verified,pps_obvious_2026_06_18,0,0,0,0.0,likely_tortured,0.0,2026-01-20T08:12:00.971704+00:00
e93194f7-a833-4a91-b0ca-a54ce0130c1a,ultimate utterly fracture actually loads,ultimate fracture loads,,Medicine,,verified,ai_detection,0,0,0,0.0,likely_tortured,0.99,2026-04-24T10:09:56.580538+00:00
8182aff7-b2e6-4d06-8b30-8da8bcb7d4b9,unaided information,unsupervised data,general,Computer Science,Data Science,verified,pps_obvious_2026_06_18,0,0,0,0.0,likely_tortured,0.99,2026-01-20T08:12:00.501885+00:00
e597da4a-4fc0-4757-bb35-fb0081a3db51,unaided machine learning,unsupervised machine learning,general,General,Academic Performance,verified,pps_obvious_2026_06_18,0,0,0,0.0,likely_tortured,0.99,2026-01-20T08:12:01.028172+00:00
968b1d71-0585-4351-9932-93adeea1b05d,uncooked information,raw data,general,Computer Science,Optimization,verified,pps_obvious_2026_06_18,0,0,0,0.0,likely_tortured,0.99,2026-01-20T08:11:59.623196+00:00
9f5c13c6-d703-48e3-926d-28f1a176bcb5,unearthly information,spectral data,general,Mathematics,null,verified,pps_obvious_2026_06_18,0,0,0,0.0,likely_tortured,0.99,2026-01-20T08:12:00.716324+00:00
8a1f77b8-b163-4b78-9f7c-4ea57a61b3e6,unending ailments,chronic diseases,general,General,,verified,pps_obvious_2026_06_18,0,0,0,0.0,likely_not_tortured,0.7,2026-01-20T08:12:00.971704+00:00
5080b709-ebdb-4af2-bbdb-1ac93c2b8e53,unique mark acknowledgment,fingerprint,general,General,,verified,pps_obvious_2026_06_18,0,0,0,0.0,likely_tortured,0.99,2026-01-20T08:11:59.955433+00:00
b0aa231b-3264-4f32-af3b-136c528c8b9b,unpredictable number esteemed yield picture,complex number valued output image,general,Mathematics,Complex Analysis,verified,pps_obvious_2026_06_18,0,0,0,0.0,likely_tortured,0.99,2026-01-20T08:12:02.530908+00:00
2485deaf-187a-4619-a3db-c68b97d7ab5c,unresistant assault,passive attack,general,Computer Science,Data Structures,verified,pps_obvious_2026_06_18,0,0,0,0.0,likely_tortured,0.99,2026-01-20T08:12:02.473603+00:00
a13b5803-9373-4d31-82e8-bc5e8071a465,uphold vector machine,support vector machine (SVM),general,General,,verified,pps_obvious_2026_06_18,0,0,0,0.0,likely_tortured,0.99,2026-01-20T08:11:59.724741+00:00
5c94d951-c6ee-4646-86f0-4ba4c99fdde5,upsurge pollution,increase pollution,general,Environmental Science,Pollution,verified,pps_obvious_2026_06_18,0,0,0,0.0,likely_tortured,0.0,2026-01-20T08:12:01.028172+00:00
7dcf5355-6df4-4504-be07-09b0adbe0a6e,username and secret phrase sort of information based confirmation,username and password,general,Computer Science,,verified,pps_obvious_2026_06_18,0,0,0,0.0,likely_tortured,0.99,2026-01-20T08:12:03.510000+00:00
5ce27be4-fe4a-40f1-8761-78b12f5e2fc1,utilitarian bunch,functional group,general,Biology,Genetics,verified,pps_obvious_2026_06_18,0,0,0,0.0,likely_tortured,0.0,2026-01-20T08:12:02.097164+00:00
a5a51068-0254-4abe-9975-c0e1cd99bc23,utility lattice,utility grid,general,General,,verified,pps_obvious_2026_06_18,0,0,0,0.0,likely_tortured,0.99,2026-01-20T08:11:58.419514+00:00
01a40047-eb84-4b18-865a-c4a434ca2a19,utilization preparing,(to) use training,general,Computer Science,Algorithms,verified,pps_obvious_2026_06_18,0,0,0,0.0,likely_tortured,0.0,2026-01-20T08:12:00.182559+00:00
507703de-f7c2-417e-a7b1-6d628dc5e9b1,validation assault,validation attack,general,Computer Science,Cybersecurity,verified,pps_obvious_2026_06_18,0,0,0,0.0,likely_tortured,0.99,2026-01-20T08:12:01.316487+00:00
f200e1c2-95b8-45ed-a147-3079fd3f9f51,various information different result,multiple input multiple output (MIMO),general,Computer Science,Control Theory,verified,pps_obvious_2026_06_18,0,0,0,0.0,likely_tortured,0.0,2026-01-20T08:12:01.451973+00:00
9614447d-92e2-4733-b318-5b2614368d07,various information numerous yield,Multiple-input multiple-output (MIMO),general,Computer Science,Communications,verified,pps_obvious_2026_06_18,0,0,0,0.0,likely_tortured,1.0,2026-01-20T08:12:01.751819+00:00
899ad913-4360-4b42-a93a-25ad40727f16,vector bolster machine,support vector machine (SVM),general,Computer Science,Machine Learning,verified,pps_obvious_2026_06_18,0,0,0,0.0,likely_tortured,0.99,2026-01-20T08:12:01.865548+00:00
2c71469f-e9ec-4fd8-9337-bd5cd2f7cb7b,venereal ailments,venereal disease,general,General,,verified,pps_obvious_2026_06_18,0,0,0,0.0,likely_not_tortured,0.8,2026-01-20T08:11:59.842122+00:00
7fd0d9aa-eb6e-4731-8da2-41e51ed2a7a3,verve adulterate,energy usage,,Engineering,Electrical,verified,ai_detection,0,0,0,0.0,likely_tortured,0.99,2026-06-04T10:38:52.930093+00:00
c4b40a55-14c0-4b6d-b9f0-2d24615a7a67,video acknowledgment,video recognition,general,Computer Science,Cybersecurity,verified,pps_obvious_2026_06_18,0,0,0,0.0,likely_tortured,0.99,2026-01-20T08:11:58.419514+00:00
ad6783da-45f5-4efd-ad5c-f72fb7f2e341,"vigor, indistinctness, and installing limit","robustness, imperceptibility, and embedding capacity",general,Engineering,,verified,pps_obvious_2026_06_18,0,0,0,0.0,likely_tortured,0.99,2026-01-20T08:12:02.941195+00:00
c759e948-18e9-4406-8f40-9e7b2a6afd58,virus assault,virus attack,general,Medicine,,verified,pps_obvious_2026_06_18,0,0,0,0.0,likely_not_tortured,0.7,2026-01-20T08:11:58.963885+00:00
81c113eb-23dd-4f6e-8e94-f4b9ed7c0c5a,visual movement energy,motion energy image (MEI),general,Mathematics,Statistics,verified,pps_obvious_2026_06_18,0,0,0,0.0,likely_tortured,0.0,2026-01-20T08:12:03.387766+00:00
23694ee7-34e5-4124-be9e-0d65de4cdf77,vitality move,energy transfer,general,Physics,Energy,verified,pps_obvious_2026_06_18,0,0,0,0.0,likely_tortured,0.99,2026-01-20T08:11:59.623196+00:00
0fdb9f45-9c21-475c-a00e-4d88ca2c794b,vitreous silliness,vitreous humor,general,Computer Science,Security,verified,tortured_csv,0,0,0,0.0,likely_tortured,0.99,2026-01-20T08:12:01.978925+00:00
f183c521-266b-40f4-8bb3-a6d637d74f3a,voice acknowledgement,voice recognition,general,General,,verified,pps_obvious_2026_06_18,0,0,0,0.0,likely_tortured,0.99,2026-01-20T08:11:58.662706+00:00
38927356-0cfd-4eb5-9435-4ea0c0e79a79,voice acknowledgment,voice recognition,general,General,,verified,pps_obvious_2026_06_18,0,0,0,0.0,likely_tortured,0.99,2026-01-20T08:11:58.538212+00:00
57579a6e-dff3-457b-965a-ab0fb26e91e5,voice acknowledgment framework,voice recognition system,general,Computer Science,Speech Recognition,verified,pps_obvious_2026_06_18,0,0,0,0.0,likely_tortured,0.99,2026-01-20T08:12:00.251055+00:00
50e07cba-ebee-4d6f-8dd7-105ae6d34b22,voice signal acknowledgement,(automatic) speech recognition (ASR),general,Computer Science,Automatic Speech Recognition,verified,pps_obvious_2026_06_18,0,0,0,0.0,likely_tortured,0.0,2026-01-20T08:12:01.637551+00:00
72dc1787-4fd6-4752-b92b-3d290cafac71,voice signal acknowledgment,(automatic) speech recognition (ASR),general,Computer Science,Speech Recognition,verified,pps_obvious_2026_06_18,0,0,0,0.0,likely_tortured,0.99,2026-01-20T08:12:01.085511+00:00
cce3fc92-070f-43a6-a9f0-400be8064a86,voracious calculation,greedy algorithm,general,Computer Science,Machine Learning,verified,pps_obvious_2026_06_18,0,0,0,0.0,likely_tortured,0.0,2026-01-20T08:12:01.142942+00:00
13a03110-7cdd-4492-aa4e-3e8edff8af43,warmth move,heat transfer,general,General,,verified,pps_obvious_2026_06_18,0,0,0,0.0,likely_tortured,0.99,2026-01-20T08:11:58.780182+00:00
5b1f22b2-dc91-4a6c-9fc7-116c10a88b89,watchword look,keyword search,technical,,,verified,pps_obvious_2026_06_18,,,,,not_reviewed,,2026-06-19T09:14:30.298171+00:00
b05c1b53-5015-4e00-be91-c7abe8b1ec2e,watery arrangement,aqueous solution,general,General,,verified,pps_obvious_2026_06_18,1,1,0,1.0,likely_tortured,0.99,2026-01-20T08:11:58.780182+00:00
5b3a96f9-5769-4807-84ea-95106168bba6,web assault,web attack,general,Computer Science,Cybersecurity,verified,pps_obvious_2026_06_18,0,0,0,0.0,likely_tortured,0.99,2026-01-20T08:11:59.023927+00:00
b4cbef2c-4fd3-4a99-bb73-e8f339a818a0,weighted component choice,weighted feature selection,general,Computer Science,Machine Learning,verified,pps_obvious_2026_06_18,0,0,0,0.0,likely_tortured,0.0,2026-01-20T08:12:02.530908+00:00
b3fe7378-3dcc-434b-ba0c-f24e6832bd31,weight significativelye weights,weight significantly weighs,,Engineering,,verified,ai_detection,0,0,0,0.0,likely_tortured,0.99,2026-06-05T10:38:09.398006+00:00
92a7d177-7b54-4dc1-982a-5eabc363ecd4,winged animal distinguishing proof,bird identification,general,Biology,Ornithology,verified,pps_obvious_2026_06_18,0,0,0,0.0,likely_tortured,0.0,2026-01-20T08:12:03.445369+00:00
4370c99c-9f55-4d40-aacf-ff85175b5c66,wolrdwide exactness,global accuracy,general,General,,verified,pps_obvious_2026_06_18,0,0,0,0.0,likely_tortured,0.0,2026-01-20T08:12:03.510000+00:00
2447c6d8-2b60-47e4-b0e9-8bded759d282,wormhole assault,wormhole attack,general,Computer Science,Machine Learning,verified,pps_obvious_2026_06_18,0,0,0,0.0,likely_tortured,0.99,2026-01-20T08:11:58.838622+00:00
6a6ddf4c-d195-4779-9203-06e6897daf2b,yield door,output gate (a part of LSTM),general,General,,verified,pps_obvious_2026_06_18,0,0,0,0.0,likely_tortured,0.0,2026-01-20T08:12:00.120634+00:00
ffe72f61-26fc-480c-9857-985893649756,yield entrance,input gate (a part of LSTM),general,Computer Science,Machine Learning,verified,pps_obvious_2026_06_18,0,0,0,0.0,likely_tortured,0.0,2026-01-20T08:12:00.501885+00:00
a6af7975-b8a2-4f92-9592-e755064a8c05,yield misfortunes,yield failures,general,General,,verified,pps_obvious_2026_06_18,0,0,0,0.0,likely_tortured,0.0,2026-01-20T08:11:59.245957+00:00
c0a11beb-6c1d-4bf2-809f-89a4022b3988,yield of the capacity,output of the function,general,Mathematics,Mathematical Functions,verified,pps_obvious_2026_06_18,0,0,0,0.0,likely_tortured,0.99,2026-01-20T08:12:00.857236+00:00
00317a62-cbcc-47f1-8df4-0f848b3f19ff,yield photograph,output image,general,General,,verified,pps_obvious_2026_06_18,0,0,0,0.0,likely_tortured,0.99,2026-01-20T08:11:59.309351+00:00
37c3f8b7-b149-4d09-839e-2325ef7116c4,yield pictures,output images,technical,,,verified,pps_obvious_2026_06_18,,,,,not_reviewed,,2026-06-19T09:14:30.298171+00:00
560cebaa-4d95-42b8-9755-99e91e98c3b4,Youthful's modulus,Young's modulus,general,Engineering,Materials Science,verified,tortured_csv,0,0,0,0.0,likely_tortured,0.99,2026-01-20T08:12:00.182559+00:00
fc0c3d4c-2bd3-47d9-bec0-24f0fae5894f,"zero, shot pretrained SegResNet",zero-shot pretrained SegResNet,,,,verified,ai_detection,0,0,0,0.0,likely_tortured,0.99,2026-04-28T20:49:34.417961+00:00
